BW_ID	WKT	IslandName	Date	Start	End	Name	Function	Start_Function	End_Function	Use	Start_Use	End_Use	Typology	Start_Typology	End_Typology	Height	Material	Architect	Patron	Owner	Start_Owner	End_Owner	Tenant	Start_Tenant	End_Tenant	SHP_Lenght	SHP_Area
SS_BLDG_001	MULTIPOLYGON (((1370165.88212385 5692874.70769408,1370170.75474383 5692884.5087468,1370180.738111 5692879.61365261,1370175.67921034 5692869.75574724,1370165.88212385 5692874.70769408),(1370168.41744304 5692875.58263396,1370174.81050505 5692872.36347141,1370178.03433759 5692878.72753828,1370171.69050862 5692881.92881527,1370168.41744304 5692875.58263396)))	San Secondo	1945	1570-01-01	2019-12-31	Polveriera	Public	1570-01-01	2019-12-31	Military	1570-01-01	1960-12-31	Powderhouse	1570-01-01	1960-12-31		Istrian marble		90	86	1866-10-21	2019-12-31				50.9750232192258	34.8314778282299
SS_BLDG_001	MULTIPOLYGON (((1370165.88212385 5692874.70769408,1370170.75474383 5692884.5087468,1370180.738111 5692879.61365261,1370175.67921034 5692869.75574724,1370165.88212385 5692874.70769408),(1370168.41744304 5692875.58263396,1370174.81050505 5692872.36347141,1370178.03433759 5692878.72753828,1370171.69050862 5692881.92881527,1370168.41744304 5692875.58263396)))	San Secondo	1789	1570-01-01	2019-12-31	Polveriera	Public	1570-01-01	2019-12-31	Military	1570-01-01	1960-12-31	Powderhouse	1570-01-01	1960-12-31		Istrian marble		90	88	1570-01-01	1797-05-11				50.9750232192258	34.8314778282299
SS_BLDG_001	MULTIPOLYGON (((1370165.88212385 5692874.70769408,1370170.75474383 5692884.5087468,1370180.738111 5692879.61365261,1370175.67921034 5692869.75574724,1370165.88212385 5692874.70769408),(1370168.41744304 5692875.58263396,1370174.81050505 5692872.36347141,1370178.03433759 5692878.72753828,1370171.69050862 5692881.92881527,1370168.41744304 5692875.58263396)))	San Secondo	1697	1570-01-01	2019-12-31	Polveriera	Public	1570-01-01	2019-12-31	Military	1570-01-01	1960-12-31	Powderhouse	1570-01-01	1960-12-31		Istrian marble		90	88	1570-01-01	1797-05-11	42	1534-01-01	1806-07-27	50.9750232192258	34.8314778282299
SS_BLDG_001	MULTIPOLYGON (((1370165.88212385 5692874.70769408,1370170.75474383 5692884.5087468,1370180.738111 5692879.61365261,1370175.67921034 5692869.75574724,1370165.88212385 5692874.70769408),(1370168.41744304 5692875.58263396,1370174.81050505 5692872.36347141,1370178.03433759 5692878.72753828,1370171.69050862 5692881.92881527,1370168.41744304 5692875.58263396)))	San Secondo	1982	1570-01-01	2019-12-31	Polveriera	Public	1570-01-01	2019-12-31	Abandoned	1961-01-01	2019-12-31	Ex powderhouse	1961-01-01	2019-12-31		Istrian marble		90	86	1866-10-21	2019-12-31				50.9750232192258	34.8314778282299
SS_BLDG_001	MULTIPOLYGON (((1370165.88212385 5692874.70769408,1370170.75474383 5692884.5087468,1370180.738111 5692879.61365261,1370175.67921034 5692869.75574724,1370165.88212385 5692874.70769408),(1370168.41744304 5692875.58263396,1370174.81050505 5692872.36347141,1370178.03433759 5692878.72753828,1370171.69050862 5692881.92881527,1370168.41744304 5692875.58263396)))	San Secondo	1850	1570-01-01	2019-12-31	Polveriera	Public	1570-01-01	2019-12-31	Military	1570-01-01	1960-12-31	Powderhouse	1570-01-01	1960-12-31		Istrian marble		90	Austrian Empire	1814-04-20	1866-10-20				50.9750232192258	34.8314778282299
SS_BLDG_001	MULTIPOLYGON (((1370165.88212385 5692874.70769408,1370170.75474383 5692884.5087468,1370180.738111 5692879.61365261,1370175.67921034 5692869.75574724,1370165.88212385 5692874.70769408),(1370168.41744304 5692875.58263396,1370174.81050505 5692872.36347141,1370178.03433759 5692878.72753828,1370171.69050862 5692881.92881527,1370168.41744304 5692875.58263396)))	San Secondo	1717	1570-01-01	2019-12-31	Polveriera	Public	1570-01-01	2019-12-31	Military	1570-01-01	1960-12-31	Powderhouse	1570-01-01	1960-12-31		Istrian marble		90	88	1570-01-01	1797-05-11	42	1534-01-01	1806-07-27	50.9750232192258	34.8314778282299
SS_BLDG_001	MULTIPOLYGON (((1370165.88212385 5692874.70769408,1370170.75474383 5692884.5087468,1370180.738111 5692879.61365261,1370175.67921034 5692869.75574724,1370165.88212385 5692874.70769408),(1370168.41744304 5692875.58263396,1370174.81050505 5692872.36347141,1370178.03433759 5692878.72753828,1370171.69050862 5692881.92881527,1370168.41744304 5692875.58263396)))	San Secondo	1839	1570-01-01	2019-12-31	Polveriera	Public	1570-01-01	2019-12-31	Military	1570-01-01	1960-12-31	Powderhouse	1570-01-01	1960-12-31		Istrian marble		90	Austrian Empire	1814-04-20	1866-10-20				50.9750232192258	34.8314778282299
SS_BLDG_001	MULTIPOLYGON (((1370165.88212385 5692874.70769408,1370170.75474383 5692884.5087468,1370180.738111 5692879.61365261,1370175.67921034 5692869.75574724,1370165.88212385 5692874.70769408),(1370168.41744304 5692875.58263396,1370174.81050505 5692872.36347141,1370178.03433759 5692878.72753828,1370171.69050862 5692881.92881527,1370168.41744304 5692875.58263396)))	San Secondo	1839	1570-01-01	2019-12-31	Polveriera	Public	1570-01-01	2019-12-31	Military	1570-01-01	1960-12-31	Powderhouse	1570-01-01	1960-12-31		Istrian marble		90	Austrian Empire	1814-04-20	1866-10-20				50.9750232192258	34.8314778282299
SS_BLDG_002	MULTIPOLYGON (((1370176.43402602 5692853.92442382,1370175.07013675 5692851.63567276,1370174.5082663 5692850.63488646,1370172.17472975 5692846.18978526,1370167.18790288 5692836.25579927,1370165.83223103 5692833.50134398,1370161.75719468 5692825.406577,1370152.47176851 5692806.94572391,1370146.55172112 5692794.81892821,1370142.71011038 5692795.71660424,1370143.26271909 5692796.48851448,1370146.26785718 5692795.90108724,1370150.9737593 5692805.60296978,1370151.83479416 5692807.37842515,1370153.70288065 5692811.11184785,1370161.09263388 5692825.88170029,1370166.65401944 5692837.04262368,1370168.92948164 5692841.85564611,1370170.90090187 5692845.33155546,1370169.59859944 5692846.01273167,1370170.17041323 5692847.23836333,1370171.25153096 5692846.67288698,1370173.63244712 5692851.09303323,1370172.5039491 5692851.6834656,1370173.06582526 5692852.68439475,1370174.26610094 5692852.0564284,1370180.28004901 5692862.29378496,1370180.62712136 5692863.17746694,1370182.69953792 5692867.3341201,1370183.5308537 5692866.95708679,1370181.64416456 5692862.66720156,1370181.15932462 5692861.85392031,1370180.15872822 5692860.17478562,1370176.43402602 5692853.92442382)),((1370170.03266023 5692868.4937606,1370169.59917097 5692867.6377894,1370159.65394529 5692872.7126937,1370162.39525564 5692878.1745408,1370165.51562617 5692884.39062606,1370166.28398643 5692883.91920797,1370166.06094544 5692883.49391006,1370163.16359872 5692877.86567496,1370160.65750188 5692872.99731562,1370168.94782491 5692869.03810882,1370170.03266023 5692868.4937606)))	San Secondo	1945	1770-01-01	2019-12-31	Muro di cinta	Public	1770-01-01	2019-12-31	Military	1770-01-01	1960-12-31	Walls	1770-01-01	2019-12-31		Brick		42	86	1866-10-21	2019-12-31				157.253618745244	46.8268003164156
SS_BLDG_002	MULTIPOLYGON (((1370176.43402602 5692853.92442382,1370175.07013675 5692851.63567276,1370174.5082663 5692850.63488646,1370172.17472975 5692846.18978526,1370167.18790288 5692836.25579927,1370165.83223103 5692833.50134398,1370161.75719468 5692825.406577,1370152.47176851 5692806.94572391,1370146.55172112 5692794.81892821,1370142.71011038 5692795.71660424,1370143.26271909 5692796.48851448,1370146.26785718 5692795.90108724,1370150.9737593 5692805.60296978,1370151.83479416 5692807.37842515,1370153.70288065 5692811.11184785,1370161.09263388 5692825.88170029,1370166.65401944 5692837.04262368,1370168.92948164 5692841.85564611,1370170.90090187 5692845.33155546,1370169.59859944 5692846.01273167,1370170.17041323 5692847.23836333,1370171.25153096 5692846.67288698,1370173.63244712 5692851.09303323,1370172.5039491 5692851.6834656,1370173.06582526 5692852.68439475,1370174.26610094 5692852.0564284,1370180.28004901 5692862.29378496,1370180.62712136 5692863.17746694,1370182.69953792 5692867.3341201,1370183.5308537 5692866.95708679,1370181.64416456 5692862.66720156,1370181.15932462 5692861.85392031,1370180.15872822 5692860.17478562,1370176.43402602 5692853.92442382)),((1370170.03266023 5692868.4937606,1370169.59917097 5692867.6377894,1370159.65394529 5692872.7126937,1370162.39525564 5692878.1745408,1370165.51562617 5692884.39062606,1370166.28398643 5692883.91920797,1370166.06094544 5692883.49391006,1370163.16359872 5692877.86567496,1370160.65750188 5692872.99731562,1370168.94782491 5692869.03810882,1370170.03266023 5692868.4937606)))	San Secondo	1982	1770-01-01	2019-12-31	Muro di cinta	Public	1770-01-01	2019-12-31	Abandoned	1961-01-01	2019-12-31	Walls	1770-01-01	2019-12-31		Brick		42	86	1866-10-21	2019-12-31				157.253618745244	46.8268003164156
SS_BLDG_002	MULTIPOLYGON (((1370188.86041189 5692886.1589073,1370188.34190626 5692885.20189124,1370183.30415772 5692887.66827575,1370183.814252 5692888.60421416,1370186.99213831 5692887.20272738,1370188.86041189 5692886.1589073)),((1370171.70211251 5692894.24951115,1370179.76937569 5692890.39120774,1370179.33670782 5692889.61076299,1370171.97441796 5692893.21523992,1370171.37404649 5692893.62415081,1370166.06094544 5692883.49391006,1370160.65750188 5692872.99731562,1370168.94782491 5692869.03810882,1370180.62712136 5692863.17746694,1370182.69953792 5692867.3341201,1370183.5308537 5692866.95708679,1370181.64416456 5692862.66720156,1370181.15932462 5692861.85392031,1370180.15872822 5692860.17478562,1370177.32834912 5692855.42511686,1370176.43402602 5692853.92442382,1370175.07013675 5692851.63567276,1370174.53127147 5692850.59879723,1370174.11298368 5692849.79405006,1370173.86333872 5692849.31371801,1370173.46776443 5692848.55245491,1370173.16617899 5692847.97214016,1370172.82223769 5692847.31030124,1370172.20856521 5692846.12968003,1370171.60291577 5692844.96415388,1370171.30363811 5692844.38802906,1370168.53352958 5692838.9146829,1370167.18790288 5692836.25579927,1370165.83223103 5692833.50134398,1370162.78862274 5692827.45538408,1370161.75719468 5692825.406577,1370158.49632089 5692818.8469562,1370157.07468232 5692815.98710297,1370152.94339449 5692807.67655902,1370151.73963973 5692805.25507158,1370150.18936473 5692802.13657378,1370148.15785968 5692798.04981402,1370146.55172112 5692794.81892821,1370142.71011038 5692795.71660424,1370132.65866246 5692797.67910527,1370123.42312322 5692799.48246367,1370113.82337276 5692803.55284769,1370103.72468372 5692805.57526225,1370091.05898181 5692808.40893829,1370089.60041843 5692808.71003766,1370086.02134761 5692809.63269361,1370080.51716986 5692809.83315035,1370079.01944927 5692809.8531896,1370067.87736544 5692810.24604733,1370059.86333687 5692811.11041393,1370060.51088411 5692811.82069056,1370067.93249336 5692811.02023711,1370074.07068042 5692810.80373068,1370086.03473475 5692810.3818974,1370114.35484919 5692804.34063172,1370119.88488401 5692801.99594485,1370123.43825707 5692800.48913113,1370143.26271909 5692796.48851448,1370146.26785718 5692795.90108724,1370150.9737593 5692805.60296978,1370151.83479416 5692807.37842515,1370153.70288065 5692811.11184785,1370153.84974448 5692811.40516635,1370157.28352694 5692818.26845266,1370161.09263388 5692825.88170029,1370162.49746272 5692828.6926859,1370166.36637593 5692836.43430818,1370166.65401944 5692837.04262368,1370168.92948164 5692841.85564611,1370170.90090187 5692845.33155546,1370171.25153096 5692846.67288698,1370171.97248537 5692848.01148152,1370172.8672711 5692849.67256275,1370173.63244712 5692851.09303323,1370174.40324101 5692852.28972904,1370176.5577902 5692855.95733179,1370180.28004901 5692862.29378496,1370169.59917097 5692867.6377894,1370159.65394529 5692872.7126937,1370165.51562617 5692884.39062606,1370170.39075103 5692893.86076995,1370156.41662066 5692901.24780694,1370156.84691797 5692901.99135636,1370163.09919855 5692898.77558339,1370170.82718859 5692894.70876557,1370171.70211251 5692894.24951115)),((1370065.17185734 5692907.00217142,1370061.9439361 5692903.31831064,1370061.36261805 5692903.56030484,1370073.54015225 5692917.32178222,1370076.6273901 5692920.80019796,1370080.49223712 5692925.13508706,1370081.25933089 5692925.99556569,1370081.76550103 5692925.70553832,1370077.17400469 5692920.62491417,1370073.84003243 5692916.88958418,1370070.23196713 5692912.81690906,1370065.17185734 5692907.00217142)))	San Secondo	1789	1770-01-01	1838-12-31	Muro di cinta	Public	1777-01-01	1849-12-31	Military	1770-01-01	1849-12-31	Walls	1770-01-01	1849-12-31		Brick		89	88	1770-01-01	1797-05-11	42	1770-01-01	1806-07-28	391.336963616612	115.800422355427
SS_BLDG_003	MULTIPOLYGON (((1370066.9900379 5692864.11825648,1370079.36871364 5692857.168987,1370105.10191077 5692843.58903765,1370108.88944076 5692841.1515229,1370111.21125382 5692839.3022265,1370111.95650402 5692837.28654354,1370112.1412386 5692835.13861721,1370112.06625674 5692834.00229364,1370111.37064307 5692831.14456245,1370110.51308424 5692829.75533263,1370108.53823908 5692827.98818965,1370107.54873207 5692827.16133967,1370105.05358778 5692825.99876456,1370103.17997413 5692825.70909932,1370099.16393262 5692826.40528133,1370095.34634656 5692828.15912011,1370085.12935425 5692833.54982399,1370077.32025516 5692819.54855366,1370075.92842515 5692818.36794671,1370074.4487801 5692817.56249057,1370071.67447942 5692817.1667711,1370069.7933638 5692817.10352193,1370068.27823365 5692817.35496245,1370067.54680808 5692817.60244332,1370066.22992004 5692818.10180062,1370064.53348808 5692819.40587939,1370063.47988013 5692820.27744932,1370062.91482765 5692820.95371171,1370062.26775377 5692822.31970115,1370061.47064169 5692823.59590322,1370060.98497528 5692825.95294898,1370060.90938157 5692828.2177748,1370068.65632753 5692842.24178155,1370060.68727325 5692846.44643139,1370057.11636753 5692848.48059832,1370055.11422858 5692850.90745419,1370054.51203921 5692852.53113094,1370053.69128524 5692855.11128872,1370053.81497009 5692858.17649805,1370054.80396138 5692860.7041604,1370056.65282509 5692862.86362082,1370058.75211602 5692864.29482496,1370060.64433148 5692865.15194544,1370063.18604897 5692865.18075776,1370064.8846904 5692865.06785798,1370066.9900379 5692864.11825648)))	San Secondo	1945	1852-01-01	2019-12-31	Batteria	Public	1852-01-01	2019-12-31	Military	1852-01-01	1945-09-08	Gun battery	1852-01-01	1945-09-08		Brick ; Stone		Austrian Empire	86	1866-10-21	2019-12-31				130.339791238175	724.128496009133
SS_BLDG_003	MULTIPOLYGON (((1370066.9900379 5692864.11825648,1370079.36871364 5692857.168987,1370105.10191077 5692843.58903765,1370108.88944076 5692841.1515229,1370111.21125382 5692839.3022265,1370111.95650402 5692837.28654354,1370112.1412386 5692835.13861721,1370112.06625674 5692834.00229364,1370111.37064307 5692831.14456245,1370110.51308424 5692829.75533263,1370108.53823908 5692827.98818965,1370107.54873207 5692827.16133967,1370105.05358778 5692825.99876456,1370103.17997413 5692825.70909932,1370099.16393262 5692826.40528133,1370095.34634656 5692828.15912011,1370085.12935425 5692833.54982399,1370077.32025516 5692819.54855366,1370075.92842515 5692818.36794671,1370074.4487801 5692817.56249057,1370071.67447942 5692817.1667711,1370069.7933638 5692817.10352193,1370068.27823365 5692817.35496245,1370067.54680808 5692817.60244332,1370066.22992004 5692818.10180062,1370064.53348808 5692819.40587939,1370063.47988013 5692820.27744932,1370062.91482765 5692820.95371171,1370062.26775377 5692822.31970115,1370061.47064169 5692823.59590322,1370060.98497528 5692825.95294898,1370060.90938157 5692828.2177748,1370068.65632753 5692842.24178155,1370060.68727325 5692846.44643139,1370057.11636753 5692848.48059832,1370055.11422858 5692850.90745419,1370054.51203921 5692852.53113094,1370053.69128524 5692855.11128872,1370053.81497009 5692858.17649805,1370054.80396138 5692860.7041604,1370056.65282509 5692862.86362082,1370058.75211602 5692864.29482496,1370060.64433148 5692865.15194544,1370063.18604897 5692865.18075776,1370064.8846904 5692865.06785798,1370066.9900379 5692864.11825648)))	San Secondo	1982	1852-01-01	2019-12-31	Batteria	Public	1852-01-01	2019-12-31	Abandoned	1961-01-01	2019-12-31	Ex gun battery	1961-01-01	2019-12-31		Brick ; Stone		Austrian Empire	86	1866-10-21	2019-12-31				130.339791238175	724.128496009133
SS_BLDG_004	MULTIPOLYGON (((1370074.12352033 5692921.60358136,1370084.78467436 5692918.18295523,1370085.19074212 5692919.5571486,1370094.24943254 5692916.74766627,1370091.81779426 5692908.35176397,1370083.07831478 5692910.62754236,1370083.89550131 5692913.22502252,1370072.97837919 5692917.54397221,1370074.12352033 5692921.60358136)))	San Secondo	1945	1852-01-01	1981-12-31	Deposito	Public	1852-01-01	1981-12-31	Military	1852-01-01	1945-09-08	Storage facility	1852-01-01	1981-12-31		Brick		Austrian Empire	86	1866-10-21	1981-12-31				41.1094143797078	66.4125313678985
SS_BLDG_005	MULTIPOLYGON (((1370063.17282235 5692879.83430589,1370064.68642146 5692875.12334725,1370054.1593506 5692872.27504086,1370052.41256528 5692877.20489091,1370063.17282235 5692879.83430589)))	San Secondo	1945	1852-01-01	1981-12-31	Deposito	Public	1852-01-01	1981-12-31	Military	1852-01-01	1945-09-08	Storage facility	1852-01-01	1981-12-31		Brick		Austrian Empire	86	1866-10-21	1981-12-31				22.5752803200677	27.4489846516082
SS_BLDG_006	MULTIPOLYGON (((1370041.38506749 5692855.51936486,1370046.23778026 5692857.14961809,1370049.71345958 5692848.95246903,1370045.07968523 5692846.71810693,1370041.38506749 5692855.51936486)))	San Secondo	1945	1852-01-01	1981-12-31	Deposito	Public	1852-01-01	1981-12-31	Military	1852-01-01	1945-09-08	Storage facility	1852-01-01	1981-12-31		Brick		Austrian Empire	86	1866-10-21	1981-12-31				20.1367022778399	23.2508064015439
SS_BLDG_007	MULTIPOLYGON (((1370053.81390301 5692801.88765,1370055.93016265 5692806.1916156,1370065.25169833 5692802.27234191,1370063.1404937 5692797.8176204,1370053.81390301 5692801.88765)))	San Secondo	1945	1852-01-01	1981-12-31	Deposito	Public	1852-01-01	1981-12-31	Military	1852-01-01	1945-09-08	Storage facility	1852-01-01	1981-12-31		Brick		Austrian Empire	86	1866-10-21	1981-12-31				21.0654630025655	24.2528865808452
SS_BLDG_008	MULTIPOLYGON (((1370075.05565195 5692850.34911743,1370076.39486272 5692849.83855021,1370075.79018064 5692848.3217368,1370074.46183692 5692848.84385323,1370075.05565195 5692850.34911743)))	San Secondo	1697	1563-01-01	1851-12-31	Vera da pozzo	Private	1563-01-01	1806-7-27	Water supply	1563-01-01	1851-12-31	Wellhead	1563-01-01	1851-12-31		Istrian marble	43	42	42	1563-01-01	1806-07-27				4.28726950969252	1.14420085667466
SS_BLDG_008	MULTIPOLYGON (((1370075.05565195 5692850.34911743,1370076.39486272 5692849.83855021,1370075.79018064 5692848.3217368,1370074.46183692 5692848.84385323,1370075.05565195 5692850.34911743)))	San Secondo	1839	1563-01-01	1851-12-31	Vera da pozzo	Public	1806-07-28	1851-12-31	Water supply	1563-01-01	1851-12-31	Wellhead	1563-01-01	1851-12-31		Istrian marble	43	42	Austrian Empire	1814-04-20	1866-10-20				4.28726950969252	1.14420085667466
SS_BLDG_008	MULTIPOLYGON (((1370075.05565195 5692850.34911743,1370076.39486272 5692849.83855021,1370075.79018064 5692848.3217368,1370074.46183692 5692848.84385323,1370075.05565195 5692850.34911743)))	San Secondo	1717	1563-01-01	1851-12-31	Vera da pozzo	Private	1563-01-01	1806-07-27	Water supply	1563-01-01	1851-12-31	Wellhead	1563-01-01	1851-12-31		Istrian marble	43	42	42	1563-01-01	1806-07-27				4.28726950969252	1.14420085667466
SS_BLDG_008	MULTIPOLYGON (((1370075.05565195 5692850.34911743,1370076.39486272 5692849.83855021,1370075.79018064 5692848.3217368,1370074.46183692 5692848.84385323,1370075.05565195 5692850.34911743)))	San Secondo	1850	1563-01-01	1851-12-31	Vera da pozzo	Public	1806-07-28	1851-12-31	Water supply	1563-01-01	1851-12-31	Wellhead	1563-01-01	1851-12-31		Istrian marble	43	42	Austrian Empire	1814-04-20	1866-10-20				4.28726950969252	1.14420085667466
SS_BLDG_008	MULTIPOLYGON (((1370075.05565195 5692850.34911743,1370076.39486272 5692849.83855021,1370075.79018064 5692848.3217368,1370074.46183692 5692848.84385323,1370075.05565195 5692850.34911743)))	San Secondo	1789	1563-01-01	1851-12-31	Vera da pozzo	Private	1563-01-01	1806-07-27	Water supply	1563-01-01	1851-12-31	Wellhead	1563-01-01	1851-12-31	1.0	Istrian marble	43	42	42	1563-01-01	1806-07-27				4.28726950969252	1.14420085667466
SS_BLDG_008	MULTIPOLYGON (((1370075.05565195 5692850.34911743,1370076.39486272 5692849.83855021,1370075.79018064 5692848.3217368,1370074.46183692 5692848.84385323,1370075.05565195 5692850.34911743)))	San Secondo	1839	1563-01-01	1851-12-31	Vera da pozzo	Public	1806-07-28	1851-12-31	Water supply	1563-01-01	1851-12-31	Wellhead	1563-01-01	1851-12-31		Istrian marble	43	42	Austrian Empire	1814-04-20	1866-10-20				4.28726950969252	1.14420085667466
SS_BLDG_009	MULTIPOLYGON (((1370099.65819267 5692883.67634697,1370100.56564699 5692885.2266466,1370102.14759073 5692884.32751834,1370101.2352838 5692882.76999194,1370099.65819267 5692883.67634697)))	San Secondo	1850	1848-01-01	1851-12-31	Vera da pozzo	Public	1848-01-01	1851-12-31	Water supply	1848-01-01	1851-12-31	Wellhead	1848-01-01	1851-12-31		Istrian marble		Austrian Empire	Austrian Empire	1814-04-20	1866-10-20				5.07929236783034	1.6122491910238
SS_BLDG_010	MULTIPOLYGON (((1370086.72516344 5692882.79598406,1370091.11457736 5692888.50656963,1370107.53050866 5692876.08849821,1370103.13679369 5692870.4986625,1370086.72516344 5692882.79598406)))	San Secondo	1850	1848-01-01	1851-12-31	Deposito	Public	1848-01-01	1851-12-31	Military	1848-01-01	1851-12-31	Storage facility	1848-01-01	1851-12-31		Brick		Austrian Empire	Austrian Empire	1814-04-20	1866-10-20				38.8776651461549	72.3630186374172
SS_BLDG_011	MULTIPOLYGON (((1370102.49971561 5692807.56105457,1370080.88705114 5692813.52351416,1370089.99243967 5692843.70393857,1370091.58955736 5692843.24741741,1370093.06933022 5692848.00235599,1370110.13695328 5692842.79417546,1370103.34190567 5692811.10405785,1370102.49971561 5692807.56105457)))	San Secondo	1850	1848-01-01	1851-12-31	Deposito	Public	1848-01-01	1851-12-31	Military	1848-01-01	1851-12-31	Storage facility	1848-01-01	1851-12-31		Brick		Austrian Empire	Austrian Empire	1814-04-20	1866-10-20				80.2826752103583	370.854893239314
SS_BLDG_012	MULTIPOLYGON (((1370105.70842622 5692814.46022702,1370110.38114834 5692826.8051739,1370120.61202791 5692853.73565296,1370127.59201585 5692851.13590685,1370112.62804081 5692811.97184159,1370105.70842622 5692814.46022702)))	San Secondo	1850	1848-01-01	1851-12-31	Deposito	Public	1848-01-01	1851-12-31	Military	1848-01-01	1851-12-31	Storage facility	1848-01-01	1851-12-31		Brick		Austrian Empire	Austrian Empire	1814-04-20	1866-10-20				69.2082612865883	152.968588129451
SS_BLDG_013	MULTIPOLYGON (((1370119.88488401 5692801.99594485,1370120.13464019 5692802.48255617,1370119.97093586 5692802.59045098,1370120.13799194 5692802.94564112,1370120.30039932 5692802.87550912,1370120.71201789 5692803.80579914,1370120.20518025 5692804.03428924,1370120.30151145 5692804.2549922,1370120.7890579 5692804.03515545,1370121.06917085 5692804.66820674,1370121.2890021 5692804.57156188,1370120.97060853 5692803.95623335,1370122.85262375 5692803.15026541,1370123.15317114 5692803.73662107,1370123.3159086 5692803.6571909,1370123.0630513 5692803.05343781,1370123.4057123 5692802.94214644,1370123.29979529 5692802.73069565,1370123.01280067 5692802.86282618,1370122.59353573 5692801.88500166,1370122.80493597 5692801.75985197,1370122.65572609 5692801.43363467,1370122.43556483 5692801.53957763,1370122.16951818 5692801.02721466,1370121.99040877 5692801.10317911,1370122.80316372 5692802.94076649,1370120.93073429 5692803.73748229,1370120.10554878 5692801.9022652,1370119.88488401 5692801.99594485)))	San Secondo	1850	1848-01-01	1851-12-31	Deposito	Public	1848-01-01	1851-12-31	Military	1848-01-01	1851-12-31	Storage facility	1848-01-01	1851-12-31		Brick		Austrian Empire	Austrian Empire	1814-04-20	1866-10-20				13.1317811323526	1.02881358410444
SS_BLDG_014	MULTIPOLYGON (((1370018.97627021 5692853.8264445,1370032.94292584 5692870.25491799,1370037.09031622 5692866.70569735,1370044.11631411 5692860.69283354,1370029.99649351 5692843.97019106,1370018.97627021 5692853.8264445)))	San Secondo	1789	1500-01-01	1849-12-31	Cavana	Public	1500-01-01	1849-12-31	Accomodation	1500-01-01	1849-12-31	Shelter for boats	1500-01-01	1849-12-31		Brick ; Istrian marble		89	88	1500-01-01	1797-05-11	42	1534-01-01	1806-07-7	51.1677531507492	157.628964507158
SS_BLDG_014	MULTIPOLYGON (((1370032.94292584 5692870.25491799,1370037.09031622 5692866.70569735,1370044.11631411 5692860.69283354,1370029.99649351 5692843.97019106,1370018.97627021 5692853.8264445,1370032.94292584 5692870.25491799)))	San Secondo	1697	1500-01-01	1849-12-31	Cavana	Public	1500-01-01	1849-12-31	Accomodation	1500-01-01	1849-12-31	Shelter for boats	1500-01-01	1849-12-31		Brick ; Stone		89	88	1500-01-01	1797-05-11	42	1534-01-01	1806-07-27	51.1677531507492	157.628964502879
SS_BLDG_014	MULTIPOLYGON (((1370018.97627021 5692853.8264445,1370032.94292584 5692870.25491799,1370037.09031622 5692866.70569735,1370044.11631411 5692860.69283354,1370029.99649351 5692843.97019106,1370018.97627021 5692853.8264445)))	San Secondo	1500	1500-01-01	1849-12-31	Cavana	Public	1500-01-01	1849-12-31	Accomodation	1500-01-01	1849-12-31	Shelter for boats	1500-01-01	1849-12-31		Brick ; Istrian marble		89	88	1500-01-01	1797-05-11	42	1534-01-01	1806-07-27	51.1677531507492	157.628964507158
SS_BLDG_014	MULTIPOLYGON (((1370018.97627021 5692853.8264445,1370032.94292584 5692870.25491799,1370037.09031622 5692866.70569735,1370044.11631411 5692860.69283354,1370029.99649351 5692843.97019106,1370018.97627021 5692853.8264445)))	San Secondo	1839	1500-01-01	1849-12-31	Cavana	Public	1500-01-01	1849-12-31	Accomodation	1500-01-01	1849-12-31	Shelter for boats	1500-01-01	1849-12-31		Brick ; Istrian marble		89	Austrian Empire	1814-04-20	1866-10-20				51.1677531507492	157.628964507158
SS_BLDG_014	MULTIPOLYGON (((1370018.97627021 5692853.8264445,1370032.94292584 5692870.25491799,1370037.09031622 5692866.70569735,1370044.11631411 5692860.69283354,1370029.99649351 5692843.97019106,1370018.97627021 5692853.8264445)))	San Secondo	1839	1500-01-01	1849-12-31	Cavana	Public	1500-01-01	1849-12-31	Accomodation	1500-01-01	1849-12-31	Shelter for boats	1500-01-01	1849-12-31		Brick ; Istrian marble		89	Austrian Empire	1814-04-20	1866-10-20				51.1677531507492	157.628964507158
SS_BLDG_014	MULTIPOLYGON (((1370032.94292584 5692870.25491799,1370037.09031622 5692866.70569735,1370044.11631411 5692860.69283354,1370029.99649351 5692843.97019106,1370018.97627021 5692853.8264445,1370032.94292584 5692870.25491799)))	San Secondo	1717	1500-01-01	1849-12-31	Cavana	Public	1500-01-01	1849-12-31	Accomodation	1500-01-01	1849-12-31	Shelter for boats	1500-01-01	1849-12-31		Brick ; Stone		89	88	1500-01-01	1797-05-11	42	1534-01-01	1806-07-27	51.1677531507492	157.628964502879
SS_BLDG_015	MULTIPOLYGON (((1370035.86769636 5692831.87243614,1370039.04403965 5692836.23946212,1370040.13073091 5692837.59237866,1370041.62490136 5692836.55619671,1370053.16902368 5692852.94557891,1370063.81205817 5692868.4206172,1370065.70823178 5692871.3937093,1370076.17815143 5692863.11023088,1370072.60060337 5692858.6567972,1370052.52091105 5692830.28559567,1370050.57013861 5692827.82482187,1370051.55612807 5692827.06431821,1370046.82434594 5692821.49859567,1370043.82714586 5692824.28451532,1370035.86769636 5692831.87243614)))	San Secondo	1839	1806-07-28	1849-12-31	Batteria	Public	1806-07-28	1849-12-31	Military	1806-07-28	1849-12-31	Military battery	1806-07-28	1849-12-31		Brick ; Istrian marble			Austrian Empire	1814-04-20	1866-10-20				92.5096036461764	322.580300141092
SS_BLDG_015	MULTIPOLYGON (((1370035.86769636 5692831.87243614,1370039.04403965 5692836.23946212,1370040.13073091 5692837.59237866,1370041.62490136 5692836.55619671,1370053.16902368 5692852.94557891,1370063.81205817 5692868.4206172,1370065.70823178 5692871.3937093,1370076.17815143 5692863.11023088,1370072.60060337 5692858.6567972,1370052.52091105 5692830.28559567,1370050.57013861 5692827.82482187,1370051.55612807 5692827.06431821,1370046.82434594 5692821.49859567,1370043.82714586 5692824.28451532,1370035.86769636 5692831.87243614)))	San Secondo	1839	1806-07-28	1849-12-31	Batteria	Public	1806-07-28	1849-12-31	Military	1806-07-28	1849-12-31	Military battery	1806-07-28	1849-12-31		Brick ; Istrian marble			Austrian Empire	1814-04-20	1866-10-20				92.5096036461764	322.580300141092
SS_BLDG_016	MULTIPOLYGON (((1370183.61633386 5692867.15145404,1370183.5308537 5692866.95708679,1370182.69953792 5692867.3341201,1370179.45602981 5692868.80502054,1370180.8602456 5692871.39621271,1370183.30375507 5692875.90505541,1370188.34190626 5692885.20189124,1370188.86041189 5692886.1589073,1370188.8656482 5692886.16854676,1370189.60485186 5692885.7533249,1370192.90509533 5692883.89926334,1370193.01211812 5692883.83941778,1370193.01211812 5692883.83941778,1370191.17418318 5692880.67808329,1370191.17418318 5692880.67808329,1370189.46797747 5692877.84012008,1370187.59803486 5692874.71053476,1370184.3924373 5692868.7386705,1370184.2928695 5692868.53281285,1370184.27055897 5692868.48874079,1370184.27055897 5692868.48874079,1370183.90473826 5692867.80723636,1370183.61633386 5692867.15145404)))	San Secondo	1697	1563-01-01	1849-12-31	Magazzino	Private	1563-01-01	1806-07-27	Service	1563-01-01	1849-12-31	Warehouse	1563-01-01	1849-12-31		Brick		42	42	1563-01-01	1806-07-27				33.9028463184265	43.0848513789424
SS_BLDG_016	MULTIPOLYGON (((1370183.60102435 5692867.10231028,1370183.5308537 5692866.95708679,1370182.69953792 5692867.3341201,1370179.45602981 5692868.80502054,1370180.8602456 5692871.39621271,1370183.30375507 5692875.90505541,1370188.34190626 5692885.20189124,1370188.86041189 5692886.1589073,1370188.8656482 5692886.16854676,1370189.60485186 5692885.7533249,1370192.90509533 5692883.89926334,1370193.01211812 5692883.83941778,1370193.0591612 5692883.81319052,1370193.00185883 5692883.71785716,1370191.17418318 5692880.67808329,1370189.46797747 5692877.84012008,1370187.59803486 5692874.71053476,1370184.3924373 5692868.7386705,1370184.2928695 5692868.53281285,1370184.27055897 5692868.48874079,1370184.23763107 5692868.4183967,1370183.90942415 5692867.80347169,1370183.60102435 5692867.10231028)))	San Secondo	1839	1500-01-01	1849-12-31	Magazzino	Public	1806-07-28	1849-12-31	Military	1806-07-28	1849-12-31	Warehouse	1500-01-01	1849-12-31		Brick			Austrian Empire	1814-04-20	1866-10-20				33.9415656530877	43.1375600670842
SS_BLDG_016	MULTIPOLYGON (((1370183.60102435 5692867.10231028,1370183.5308537 5692866.95708679,1370182.69953792 5692867.3341201,1370179.45602981 5692868.80502054,1370180.8602456 5692871.39621271,1370183.30375507 5692875.90505541,1370188.34190626 5692885.20189124,1370188.86041189 5692886.1589073,1370188.8656482 5692886.16854676,1370189.60485186 5692885.7533249,1370192.90509533 5692883.89926334,1370193.01211812 5692883.83941778,1370193.0591612 5692883.81319052,1370193.00185883 5692883.71785716,1370191.17418318 5692880.67808329,1370189.46797747 5692877.84012008,1370187.59803486 5692874.71053476,1370184.3924373 5692868.7386705,1370184.2928695 5692868.53281285,1370184.27055897 5692868.48874079,1370184.23763107 5692868.4183967,1370183.90942415 5692867.80347169,1370183.60102435 5692867.10231028)))	San Secondo	1839	1500-01-01	1849-12-31	Magazzino	Public	1806-07-28	1849-12-31	Military	1806-07-28	1849-12-31	Warehouse	1500-01-01	1849-12-31		Brick			Austrian Empire	1814-04-20	1866-10-20				33.9415656530877	43.1375600670842
SS_BLDG_016	MULTIPOLYGON (((1370183.60102435 5692867.10231028,1370183.5308537 5692866.95708679,1370182.69953792 5692867.3341201,1370179.45602981 5692868.80502054,1370180.8602456 5692871.39621271,1370183.30375507 5692875.90505541,1370188.34190626 5692885.20189124,1370188.86041189 5692886.1589073,1370188.8656482 5692886.16854676,1370189.60485186 5692885.7533249,1370192.90509533 5692883.89926334,1370193.01211812 5692883.83941778,1370193.0591612 5692883.81319052,1370193.00185883 5692883.71785716,1370191.17418318 5692880.67808329,1370189.46797747 5692877.84012008,1370187.59803486 5692874.71053476,1370184.3924373 5692868.7386705,1370184.2928695 5692868.53281285,1370184.27055897 5692868.48874079,1370184.23763107 5692868.4183967,1370183.90942415 5692867.80347169,1370183.60102435 5692867.10231028)))	San Secondo	1789	1563-01-01	1849-12-31	Magazzino	Private	1563-01-01	1806-07-27	Service	1563-01-01	1849-12-31	Warehouse	1563-01-01	1849-12-31		Brick		42	42	1534-01-01	1806-07-27				33.9415656530877	43.1375600670842
SS_BLDG_016	MULTIPOLYGON (((1370183.61633386 5692867.15145404,1370183.5308537 5692866.95708679,1370182.69953792 5692867.3341201,1370179.45602981 5692868.80502054,1370180.8602456 5692871.39621271,1370183.30375507 5692875.90505541,1370188.34190626 5692885.20189124,1370188.86041189 5692886.1589073,1370188.8656482 5692886.16854676,1370189.60485186 5692885.7533249,1370192.90509533 5692883.89926334,1370193.01211812 5692883.83941778,1370193.01211812 5692883.83941778,1370191.17418318 5692880.67808329,1370191.17418318 5692880.67808329,1370189.46797747 5692877.84012008,1370187.59803486 5692874.71053476,1370184.3924373 5692868.7386705,1370184.2928695 5692868.53281285,1370184.27055897 5692868.48874079,1370184.27055897 5692868.48874079,1370183.90473826 5692867.80723636,1370183.61633386 5692867.15145404)))	San Secondo	1717	1563-01-01	1849-12-31	Magazzino	Private	1563-01-01	1806-07-27	Service	1563-01-01	1849-12-31	Warehouse	1563-01-01	1849-12-31		Brick		42	42	1563-01-01	1806-07-27				33.9028463184265	43.0848513789424
SS_BLDG_017	MULTIPOLYGON (((1370065.6457473 5692867.65079106,1370071.2642008 5692881.5255545,1370100.35444686 5692867.71915643,1370094.92017178 5692855.03023927,1370065.6457473 5692867.65079106)))	San Secondo	1789	1608-01-01	1820-12-31	Chiesa	Private	1608-01-01	1806-07-27	Religious	1608-01-01	1806-07-27	Church	1608-01-01	1820-12-31		Brick ; Istrian marble		42	42	1534-01-01	1806-07-27				65.1657669977359	226.718730191543
SS_BLDG_017	MULTIPOLYGON (((1370065.6457473 5692867.65079106,1370071.2642008 5692881.5255545,1370100.35444686 5692867.71915643,1370094.92017178 5692855.03023927,1370065.6457473 5692867.65079106)))	San Secondo	1717	1608-01-01	1820-12-31	Chiesa	Private	1608-01-01	1806-07-27	Religious	1608-01-01	1806-07-27	Church	1608-01-01	1806-07-27		Brick ; Istrian marble		42	42	1534-01-01	1806-07-27				65.1657669977359	226.718730191543
SS_BLDG_017	MULTIPOLYGON (((1370065.6457473 5692867.65079106,1370071.2642008 5692881.5255545,1370100.35444686 5692867.71915643,1370094.92017178 5692855.03023927,1370065.6457473 5692867.65079106)))	San Secondo	1697	1608-01-01	1820-12-31	Chiesa	Private	1608-01-01	1806-07-27	Religious	1608-01-01	1806-07-27	Church	1608-01-01	1806-07-27		Brick ; Istrian marble		42	42	1534-01-01	1806-07-27				65.1657669977359	226.718730191543
SS_BLDG_018	MULTIPOLYGON (((1370074.49067097 5692863.83487917,1370094.92017178 5692855.03023927,1370100.02093469 5692866.94018281,1370100.35444686 5692867.71915643,1370102.71466089 5692866.71487634,1370106.95771608 5692861.95596787,1370098.79480707 5692844.41818253,1370085.90868995 5692849.0488838,1370088.24243836 5692854.49201467,1370080.77570317 5692857.53264817,1370079.66618389 5692855.1313832,1370072.60060337 5692858.6567972,1370074.49067097 5692863.83487917)))	San Secondo	1789	1672-01-01	1820-12-31	Sacrestia	Private	1672-01-01	1806-07-27	Religious	1672-01-01	1806-07-27	Sacristy	1672-01-01	1806-07-27		Brick ; Istrian marble	84	42	42	1672-01-01	1806-07-27				75.8198824755607	146.080709125024
SS_BLDG_018	MULTIPOLYGON (((1370094.92017178 5692855.03023927,1370100.02093469 5692866.94018281,1370100.35444686 5692867.71915643,1370102.71466089 5692866.71487634,1370106.95771608 5692861.95596787,1370102.21440406 5692851.76546769,1370094.92017178 5692855.03023927)))	San Secondo	1697	1672-01-01	1820-12-31	Sacrestia	Private	1672-01-01	1806-07-27	Religious	1672-01-01	1806-07-27	Sacristy	1672-01-01	1806-07-27		Brick ; Istrian marble		84	42	1672-01-01	1806-07-27				29.4363663421932	52.1430136735508
SS_BLDG_018	MULTIPOLYGON (((1370094.92017178 5692855.03023927,1370100.02093469 5692866.94018281,1370100.35444686 5692867.71915643,1370102.71466089 5692866.71487634,1370106.95771608 5692861.95596787,1370102.21440406 5692851.76546769,1370094.92017178 5692855.03023927)))	San Secondo	1717	1672-01-01	1820-12-31	Sacrestia	Private	1672-01-01	1806-07-27	Religious	1672-01-01	1806-07-27	Sacristy	1672-01-01	1806-07-27		Brick ; Istrian marble	84	42	42	1672-01-01	1806-07-27				29.4363663421932	52.1430136735508
SS_BLDG_019	MULTIPOLYGON (((1370073.7283619 5692887.8809194,1370078.2934927 5692885.62981698,1370090.97603084 5692879.61069657,1370091.9049616 5692879.16993062,1370105.04914695 5692872.93159933,1370105.21713862 5692872.85180891,1370102.71466089 5692866.71487634,1370100.35444686 5692867.71915643,1370088.7814231 5692873.21177862,1370071.2642008 5692881.5255545,1370073.7283619 5692887.8809194)))	San Secondo	1697	1607-01-01	1820-12-31	Loggia	Private	1607-01-01	1806-07-27	Religious	1607-01-01	1806-07-27	Loggia	1607-01-01	1806-07-27		Brick ; Istrian marble	37	42	42	1607-01-01	1806-07-27				58.3393134654195	115.248259002748
SS_BLDG_019	MULTIPOLYGON (((1370073.7283619 5692887.8809194,1370078.2934927 5692885.62981698,1370090.97603084 5692879.61069657,1370091.9049616 5692879.16993062,1370105.04914695 5692872.93159933,1370105.21713862 5692872.85180891,1370102.71466089 5692866.71487634,1370100.35444686 5692867.71915643,1370088.7814231 5692873.21177862,1370071.2642008 5692881.5255545,1370073.7283619 5692887.8809194)))	San Secondo	1789	1607-01-01	1820-12-31	Loggia	Private	1607-01-01	1806-07-27	Religious	1607-01-01	1806-07-27	Loggia	1607-01-01	1806-07-27		Brick ; Istrian marble	37	42	42	1607-01-01	1806-07-27				58.3393134654195	115.248259002748
SS_BLDG_019	MULTIPOLYGON (((1370073.7283619 5692887.8809194,1370078.2934927 5692885.62981698,1370090.97603084 5692879.61069657,1370091.9049616 5692879.16993062,1370105.04914695 5692872.93159933,1370105.21713862 5692872.85180891,1370102.71466089 5692866.71487634,1370100.35444686 5692867.71915643,1370088.7814231 5692873.21177862,1370071.2642008 5692881.5255545,1370073.7283619 5692887.8809194)))	San Secondo	1717	1607-01-01	1820-12-31	Loggia	Private	1607-01-01	1806-07-27	Religious	1607-01-01	1806-07-27	Loggia	1607-01-01	1806-07-27		Brick ; Istrian marble	37	42	42	1607-01-01	1806-07-27				58.3393134654195	115.248259002748
SS_BLDG_020	MULTIPOLYGON (((1370102.71466089 5692866.71487634,1370105.21713862 5692872.85180891,1370112.49761924 5692885.30403782,1370115.63437918 5692890.72028196,1370122.00445474 5692903.09288153,1370108.84869997 5692910.12521109,1370105.78833576 5692911.76121598,1370102.0009008 5692913.7856521,1370100.44116532 5692911.57767338,1370096.21735131 5692913.98652469,1370097.82852147 5692916.4971992,1370081.25933089 5692925.99556569,1370086.89757517 5692932.31906561,1370087.86403599 5692933.49983763,1370088.53330963 5692934.15881201,1370092.89514662 5692939.0409535,1370098.72257007 5692935.64636494,1370110.23362922 5692928.94082744,1370128.44345237 5692918.33315286,1370132.82133443 5692915.78293391,1370148.13361549 5692906.86322441,1370146.41149965 5692903.88720508,1370140.41153857 5692891.07409209,1370136.60720666 5692892.74899453,1370130.91082051 5692883.00881375,1370117.63896901 5692857.93114305,1370106.95771608 5692861.95596787,1370102.71466089 5692866.71487634)))	San Secondo	1789	1738-01-01	1838-12-31	Dormitorio ; Refettorio	Private	1738-01-01	1806-07-27	Religious	1738-01-01	1806-07-27	Dormitory ; Refectory	1738-01-01	1806-07-27		Brick ; Istrian marble		42	42	1738-01-01	1806-07-27				178.312490467	919.260534528467
SS_BLDG_021	MULTIPOLYGON (((1370055.57203413 5692896.83344027,1370061.06507786 5692903.22407121,1370061.36261805 5692903.56030484,1370081.14652034 5692895.32626756,1370081.49602162 5692896.14100766,1370082.64450803 5692895.64531752,1370078.2934927 5692885.62981698,1370073.7283619 5692887.8809194,1370073.56673734 5692887.41180052,1370055.57203413 5692896.83344027)))	San Secondo	1789	1777-01-01	1838-12-31	Cavana	Private	1777-01-01	1806-07-27	Service	1777-01-01	1838-12-31	Shelter for boats	1777-01-01	1838-12-31		Brick ; Istrian marble	38	42	42	1777-01-01	1806-07-27				48.6135456156153	112.651852900495
SS_BLDG_022	MULTIPOLYGON (((1370097.25640766 5692885.46796197,1370097.67432563 5692885.44540619,1370098.08200375 5692885.35028268,1370098.46704032 5692885.18567509,1370098.81782033 5692884.95649143,1370099.12352726 5692884.66974932,1370099.37497234 5692884.33397033,1370099.56446418 5692883.95947109,1370099.68621171 5692883.55777521,1370099.73672132 5692883.14088274,1370099.71409787 5692882.72158469,1370099.6194309 5692882.31254872,1370099.45536746 5692881.92623528,1370099.22694146 5692881.574292,1370098.94100521 5692881.26757715,1370098.60648433 5692881.01543491,1370098.23322321 5692880.82531461,1370097.83284951 5692880.70302065,1370097.41734114 5692880.65248603,1370096.99942339 5692880.67504178,1370096.59173961 5692880.77002258,1370096.20656107 5692880.93463588,1370095.85592326 5692881.16381346,1370095.55022219 5692881.45069794,1370095.29877705 5692881.78647671,1370095.10927921 5692882.16083318,1370094.98753734 5692882.56267154,1370094.93702166 5692882.97942137,1370094.95950861 5692883.39886793,1370095.05431752 5692883.80789813,1370095.21838081 5692884.19421174,1370095.44680086 5692884.54601263,1370095.73273711 5692884.85272771,1370096.06726392 5692885.10501275,1370096.44052517 5692885.29513323,1370096.84089321 5692885.41728471,1370097.25640766 5692885.46796197)))	San Secondo	1789	1777-01-01	1838-12-31	Vera da pozzo	Private	1777-01-01	1806-07-27	Water supply	1777-01-01	1838-12-31	Wellhead	1777-01-01	1838-12-31	1.0	Istrian marble		42	42	1777-01-01	1806-07-27				10.5881542520481	8.89871760499042
SS_BLDG_023	MULTIPOLYGON (((1370110.90560128 5692885.95775797,1370111.6103145 5692887.41759079,1370113.24190569 5692886.6562482,1370112.49761924 5692885.30403782,1370110.90560128 5692885.95775797)),((1370107.31089479 5692887.57527549,1370107.78719517 5692889.10311255,1370110.07498464 5692888.27308555,1370109.37040787 5692886.81310399,1370107.31089479 5692887.57527549)),((1370102.0686655 5692890.21461603,1370102.39765429 5692891.64284054,1370104.59575237 5692890.67753863,1370104.0723765 5692889.4317545,1370102.0686655 5692890.21461603)),((1370097.28990139 5692892.32143655,1370097.61888952 5692893.7496616,1370099.34356832 5692892.86291781,1370098.91414094 5692891.62024968,1370097.28990139 5692892.32143655)),((1370092.21630864 5692894.79625179,1370092.63939202 5692896.22773088,1370094.83438597 5692895.35669036,1370094.31721222 5692893.92210069,1370092.21630864 5692894.79625179)),((1370087.81066313 5692897.0100625,1370088.4217899 5692898.44791243,1370090.42874089 5692897.57050249,1370089.72028106 5692896.22395,1370087.81066313 5692897.0100625)),((1370082.21694015 5692898.14482164,1370083.35777733 5692900.63950617,1370085.36134445 5692899.85651105,1370084.84121924 5692898.51645897,1370083.98522493 5692898.77109088,1370083.45550207 5692897.71397194,1370082.21694015 5692898.14482164)))	San Secondo	1789	1777-01-01	1838-12-31	Rastello	Private	1777-01-01	1806-07-27	Service	1777-01-01	1838-12-31	Fence	1777-01-01	1838-12-31		Brick		42	42	1777-01-01	1806-07-27				37.2623953740099	11.7436987719613
SS_BLDG_024	MULTIPOLYGON (((1370039.04403965 5692836.23946212,1370035.36913964 5692839.68715979,1370030.35832014 5692844.39861217,1370044.11631411 5692860.69283354,1370053.16902368 5692852.94557891,1370039.04403965 5692836.23946212)))	San Secondo	1697	1500-01-01	1838-12-31	Foresteria	Public	1500-01-01	1838-12-31	Accomodation	1500-01-01	1838-12-31	Guest house	1500-01-01	1838-12-31		Brick ; Istrian marble		90	88	1500-01-01	1797-05-11	42	1534-01-01	1806-07-27	47.0230201732414	126.609861793572
SS_BLDG_024	MULTIPOLYGON (((1370039.04403965 5692836.23946212,1370035.36913964 5692839.68715979,1370030.35832014 5692844.39861217,1370044.11631411 5692860.69283354,1370053.16902368 5692852.94557891,1370039.04403965 5692836.23946212)))	San Secondo	1717	1500-01-01	1838-12-31	Foresteria	Public	1500-01-01	1838-12-31	Accomodation	1500-01-01	1838-12-31	Guest house	1500-01-01	1838-12-31		Brick ; Istrian marble		90	88	1500-01-01	1797-05-11	42	1534-01-01	1806-07-27	47.0230201732414	126.609861793572
SS_BLDG_024	MULTIPOLYGON (((1370039.04403965 5692836.23946212,1370035.36913964 5692839.68715979,1370030.35832014 5692844.39861217,1370044.11631411 5692860.69283354,1370053.16902368 5692852.94557891,1370039.04403965 5692836.23946212)))	San Secondo	1789	1500-01-01	1838-12-31	Foresteria	Public	1500-01-01	1838-12-31	Accomodation	1500-01-01	1838-12-31	Guest house	1500-01-01	1838-12-31		Brick ; Istrian marble		90	88	1500-01-01	1797-05-11	42	1534-01-01	1806-07-27	47.0230201732414	126.609861793572
SS_BLDG_024	MULTIPOLYGON (((1370039.04403965 5692836.23946212,1370035.36913964 5692839.68715979,1370030.35832014 5692844.39861217,1370044.11631411 5692860.69283354,1370053.16902368 5692852.94557891,1370039.04403965 5692836.23946212)))	San Secondo	1500	1500-01-01	1838-12-31	Foresteria	Public	1500-01-01	1838-12-31	Accomodation	1500-01-01	1838-12-31	Guest house	1500-01-01	1838-12-31		Brick ; Istrian marble		90	88	1500-01-01	1797-05-11	42	1534-01-01	1806-07-27	47.0230201732414	126.609861793572
SS_BLDG_025	MULTIPOLYGON (((1370076.97555764 5692849.7028542,1370079.66618389 5692855.1313832,1370080.77570317 5692857.53264817,1370088.24243836 5692854.49201467,1370085.90868995 5692849.0488838,1370084.715093 5692846.54853802,1370083.4192301 5692847.0850257,1370076.97555764 5692849.7028542)))	San Secondo	1789	1734-01-01	1820-12-31	Campanile	Private	1734-01-01	1806-07-27	Religious	1734-01-01	1806-07-27	Bell tower	1734-01-01	1820-12-31		Brick ; Istrian marble		42	42	1734-01-01	1806-07-27				23.7247121454433	35.1365911076357
SS_BLDG_026	MULTIPOLYGON (((1370045.44353241 5692822.78177392,1370050.42683468 5692828.06556944,1370052.52091105 5692830.28559567,1370062.26775377 5692822.31970115,1370065.16577684 5692819.95139069,1370065.53449885 5692820.19054933,1370067.00710293 5692818.95513995,1370066.22992004 5692818.10180062,1370059.86333687 5692811.11041393,1370052.68279105 5692816.82182687,1370051.57899014 5692817.66718716,1370046.82434594 5692821.49859567,1370045.44353241 5692822.78177392)))	San Secondo	1789	1563-01-01	1838-12-31	Lavatorio	Private	1563-01-01	1806-07-27	Service	1563-01-01	1838-12-31	Washhouse	1563-01-01	1838-12-31		Brick		42	42	1563-01-01	1806-07-27				40.8189587059211	94.123981324953
SS_BLDG_026	MULTIPOLYGON (((1370045.44353241 5692822.78177392,1370050.42683468 5692828.06556944,1370052.52091105 5692830.28559567,1370062.26775377 5692822.31970115,1370065.16577684 5692819.95139069,1370065.53449885 5692820.19054933,1370067.00710293 5692818.95513995,1370066.22992004 5692818.10180062,1370059.86333687 5692811.11041393,1370051.57899014 5692817.66718716,1370046.82434594 5692821.49859567,1370045.44353241 5692822.78177392)))	San Secondo	1717	1563-01-01	1838-12-31	Lavatorio	Private	1563-01-01	1806-07-27	Service	1563-01-01	1838-12-31	Wash house	1563-01-01	1838-12-31		Brick		42	42	1563-01-01	1806-07-27				40.8188179011757	94.1815941409493
SS_BLDG_026	MULTIPOLYGON (((1370045.44353241 5692822.78177392,1370050.42683468 5692828.06556944,1370052.52091105 5692830.28559567,1370062.26775377 5692822.31970115,1370065.16577684 5692819.95139069,1370065.53449885 5692820.19054933,1370067.00710293 5692818.95513995,1370066.22992004 5692818.10180062,1370059.86333687 5692811.11041393,1370051.57899014 5692817.66718716,1370046.82434594 5692821.49859567,1370045.44353241 5692822.78177392)))	San Secondo	1697	1563-01-01	1838-12-31	Lavatorio	Private	1563-01-01	1806-07-27	Service	1563-01-01	1838-12-31	Wash house	1563-01-01	1838-12-31		Brick		42	42	1563-01-01	1806-07-27				40.8188179011757	94.1815941409493
SS_BLDG_027	MULTIPOLYGON (((1370148.13361549 5692906.86322441,1370149.97452303 5692905.79068784,1370153.62493055 5692903.66433851,1370156.84691797 5692901.99135636,1370152.99567644 5692895.33595108,1370151.4755324 5692892.70897276,1370144.69141176 5692896.66091407,1370149.58589382 5692905.11883511,1370147.81641045 5692906.31511817,1370148.13361549 5692906.86322441)))	San Secondo	1789	1777-01-01	1838-12-31	Legnaia	Private	1777-01-01	1806-07-27	Service	1777-01-01	1838-12-31	Woodshed	1777-01-01	1838-12-31		Brick		42	42	1777-01-01	1806-07-27				28.8345566114051	41.6552530786949
SS_BLDG_028	MULTIPOLYGON (((1370181.57335137 5692893.77263881,1370185.95150212 5692901.68280715,1370189.85460484 5692899.50800326,1370183.84244989 5692888.64604322,1370183.814252 5692888.60421416,1370179.76937569 5692890.39120774,1370181.57335137 5692893.77263881)))	San Secondo	1717	1563-01-01	1838-12-31	Pontile	Public	1563-01-01	1838-12-31	Service	1563-01-01	1838-12-31	Dock	1563-01-01	1838-12-31	1.0	Wood		89	88	1563-01-01	1797-05-11	42	1534-01-01	1806-07-27	24.0036448863477	27.80572856545
SS_BLDG_028	MULTIPOLYGON (((1370163.09919855 5692898.77558339,1370165.33723683 5692902.81899589,1370181.57335137 5692893.77263881,1370185.95150212 5692901.68280715,1370189.85460484 5692899.50800326,1370183.84244989 5692888.64604322,1370183.814252 5692888.60421416,1370183.281619 5692888.83906131,1370179.51222354 5692890.50125329,1370176.73006359 5692891.72811471,1370175.03372911 5692892.50057303,1370171.70211251 5692894.24951115,1370170.82718859 5692894.70876557,1370166.31646402 5692897.07436883,1370163.09919855 5692898.77558339)))	San Secondo	1789	1563-01-01	1838-12-31	Pontile	Public	1563-01-01	1838-12-31	Service	1563-01-01	1838-12-31	Dock	1563-01-01	1838-12-31		Wood		89	88	1563-01-01	1797-05-11	42	1534-01-01	1806-07-27	50.7165346666061	67.7056878898676
SS_BLDG_029	MULTIPOLYGON (((1370128.44345237 5692918.33315286,1370136.45480437 5692932.68627252,1370140.87124517 5692930.20472918,1370132.82133443 5692915.78293391,1370128.44345237 5692918.33315286)))	San Secondo	1789	1777-01-01	1838-12-31	Pontile	Public	1777-01-01	1838-12-31	Service	1777-01-01	1838-12-31	Dock	1777-01-01	1838-12-31		Wood		89	88	1777-01-01	1797-05-11	42	1777-01-01	1806-07-27	30.2128088199057	41.0807998025482
SS_BLDG_030	MULTIPOLYGON (((1370148.13361549 5692906.86322441,1370149.97452303 5692905.79068784,1370153.62493055 5692903.66433851,1370156.84691797 5692901.99135636,1370152.99567644 5692895.33595108,1370151.4755324 5692892.70897276,1370144.69141176 5692896.66091407,1370140.50135638 5692899.11481001,1370146.00126876 5692908.10535837,1370148.13361549 5692906.86322441)))	San Secondo	1697	1563-01-01	1788-12-31	Caneva	Private	1563-01-01	1788-12-31	Service	1563-01-01	1788-12-31	Kitchen pantry	1563-01-01	1788-12-31		Brick	43	42	42	1563-01-01	1806-07-27				32.5716488889651	65.4438961254208
SS_BLDG_030	MULTIPOLYGON (((1370148.13361549 5692906.86322441,1370149.97452303 5692905.79068784,1370153.62493055 5692903.66433851,1370156.84691797 5692901.99135636,1370152.99567644 5692895.33595108,1370151.4755324 5692892.70897276,1370144.69141176 5692896.66091407,1370140.50135638 5692899.11481001,1370146.00126876 5692908.10535837,1370148.13361549 5692906.86322441)))	San Secondo	1717	1563-01-01	1788-12-31	Caneva	Private	1563-01-01	1788-12-31	Service	1563-01-01	1788-12-31	Kitchen pantry	1563-01-01	1788-12-31		Brick	43	42	42	1563-01-01	1806-07-27				32.5716488889651	65.4438961254208
SS_BLDG_031	MULTIPOLYGON (((1370102.71466089 5692866.71487634,1370105.21713862 5692872.85180891,1370112.49761924 5692885.30403782,1370115.63437918 5692890.72028196,1370122.00445474 5692903.09288153,1370123.78815393 5692906.37275108,1370129.84763499 5692917.51506844,1370146.00126876 5692908.10535837,1370140.50135638 5692899.11481001,1370137.85585507 5692894.67214228,1370136.60720666 5692892.74899453,1370130.91082051 5692883.00881375,1370117.63896901 5692857.93114305,1370106.95771608 5692861.95596787,1370102.71466089 5692866.71487634)))	San Secondo	1697	1518-01-01	1776-12-31	Dormitorio	Private	1518-01-01	1776-12-31	Religious	1518-01-01	1776-12-31	Dormitory	1518-01-01	1776-12-31		Brick ; Istrian marble		16	42	1534-01-01	1806-07-27				106.43495676324	511.278835170176
SS_BLDG_031	MULTIPOLYGON (((1370102.71466089 5692866.71487634,1370105.21713862 5692872.85180891,1370112.49761924 5692885.30403782,1370115.63437918 5692890.72028196,1370122.00445474 5692903.09288153,1370123.78815393 5692906.37275108,1370129.84763499 5692917.51506844,1370146.00126876 5692908.10535837,1370140.50135638 5692899.11481001,1370137.85585507 5692894.67214228,1370136.60720666 5692892.74899453,1370130.91082051 5692883.00881375,1370117.63896901 5692857.93114305,1370106.95771608 5692861.95596787,1370102.71466089 5692866.71487634)))	San Secondo	1717	1518-01-01	1776-12-31	Dormitorio	Private	1518-01-01	1776-12-31	Religious	1518-01-01	1776-12-31	Dormitory	1518-01-01	1776-12-31		Brick ; Istrian marble		16	42	1534-01-01	1806-07-27				106.43495676324	511.278835170176
SS_BLDG_032	MULTIPOLYGON (((1370098.31093942 5692850.52253415,1370099.03341457 5692850.48353573,1370099.73821942 5692850.31928375,1370100.40377267 5692850.03466956,1370101.00993023 5692849.63838181,1370101.53839985 5692849.14260355,1370101.97299614 5692848.56228754,1370102.30062958 5692847.91497257,1370102.51115269 5692847.22050408,1370102.59831392 5692846.49999487,1370102.55944413 5692845.7751239,1370102.39573498 5692845.0679819,1370102.11206168 5692844.40022169,1370101.71707827 5692843.79191155,1370101.22294508 5692843.26183211,1370100.64454785 5692842.82579462,1370099.99937319 5692842.49707458,1370099.30720086 5692842.28585312,1370098.58907384 5692842.19840255,1370097.86659936 5692842.23740087,1370097.1617951 5692842.40165254,1370096.49624228 5692842.68626621,1370095.88993699 5692843.08241663,1370095.36161537 5692843.57833094,1370094.92701887 5692844.15864631,1370094.59937916 5692844.80581816,1370094.38885548 5692845.5002863,1370094.30169944 5692846.22093797,1370094.34056857 5692846.94580905,1370094.50427713 5692847.65295137,1370094.78794999 5692848.32071207,1370095.18278518 5692848.92888611,1370095.67706633 5692849.45910295,1370096.25546376 5692849.89514107,1370096.90049672 5692850.22386751,1370097.59266962 5692850.43508932,1370098.31093942 5692850.52253415)))	San Secondo	1500	1500-01-01	1733-12-31	Campanile	Private	1500-01-01	1733-12-31	Religious	1500-01-01	1733-12-31	Bell tower	1500-01-01	1733-12-31		Brick		16	42	1534-01-01	1733-12-31				18.3028992181332	26.5905112842053
SS_BLDG_032	MULTIPOLYGON (((1370098.31093942 5692850.52253415,1370099.03341457 5692850.48353573,1370099.73821942 5692850.31928375,1370100.40377267 5692850.03466956,1370101.00993023 5692849.63838181,1370101.53839985 5692849.14260355,1370101.97299614 5692848.56228754,1370102.30062958 5692847.91497257,1370102.51115269 5692847.22050408,1370102.59831392 5692846.49999487,1370102.55944413 5692845.7751239,1370102.39573498 5692845.0679819,1370102.11206168 5692844.40022169,1370101.71707827 5692843.79191155,1370101.22294508 5692843.26183211,1370100.64454785 5692842.82579462,1370099.99937319 5692842.49707458,1370099.30720086 5692842.28585312,1370098.58907384 5692842.19840255,1370097.86659936 5692842.23740087,1370097.1617951 5692842.40165254,1370096.49624228 5692842.68626621,1370095.88993699 5692843.08241663,1370095.36161537 5692843.57833094,1370094.92701887 5692844.15864631,1370094.59937916 5692844.80581816,1370094.38885548 5692845.5002863,1370094.30169944 5692846.22093797,1370094.34056857 5692846.94580905,1370094.50427713 5692847.65295137,1370094.78794999 5692848.32071207,1370095.18278518 5692848.92888611,1370095.67706633 5692849.45910295,1370096.25546376 5692849.89514107,1370096.90049672 5692850.22386751,1370097.59266962 5692850.43508932,1370098.31093942 5692850.52253415)))	San Secondo	1717	1500-01-01	1733-12-31	Campanile	Private	1500-01-01	1733-12-31	Religious	1500-01-01	1733-12-31	Bell tower	1500-01-01	1733-12-31		Brick		16	42	1534-01-01	1806-07-27				18.3028992181332	26.5905112842053
SS_BLDG_032	MULTIPOLYGON (((1370098.31093942 5692850.52253415,1370099.03341457 5692850.48353573,1370099.73821942 5692850.31928375,1370100.40377267 5692850.03466956,1370101.00993023 5692849.63838181,1370101.53839985 5692849.14260355,1370101.97299614 5692848.56228754,1370102.30062958 5692847.91497257,1370102.51115269 5692847.22050408,1370102.59831392 5692846.49999487,1370102.55944413 5692845.7751239,1370102.39573498 5692845.0679819,1370102.11206168 5692844.40022169,1370101.71707827 5692843.79191155,1370101.22294508 5692843.26183211,1370100.64454785 5692842.82579462,1370099.99937319 5692842.49707458,1370099.30720086 5692842.28585312,1370098.58907384 5692842.19840255,1370097.86659936 5692842.23740087,1370097.1617951 5692842.40165254,1370096.49624228 5692842.68626621,1370095.88993699 5692843.08241663,1370095.36161537 5692843.57833094,1370094.92701887 5692844.15864631,1370094.59937916 5692844.80581816,1370094.38885548 5692845.5002863,1370094.30169944 5692846.22093797,1370094.34056857 5692846.94580905,1370094.50427713 5692847.65295137,1370094.78794999 5692848.32071207,1370095.18278518 5692848.92888611,1370095.67706633 5692849.45910295,1370096.25546376 5692849.89514107,1370096.90049672 5692850.22386751,1370097.59266962 5692850.43508932,1370098.31093942 5692850.52253415)))	San Secondo	1697	1500-01-01	1733-12-31	Campanile	Private	1500-01-01	1733-12-31	Religious	1500-01-01	1733-12-31	Bell tower	1500-01-01	1733-12-31		Brick		16	42	1534-01-01	1806-07-27				18.3028992181332	26.5905112842053
SS_BLDG_033	MULTIPOLYGON (((1370140.50135638 5692899.11481001,1370151.4755324 5692892.70897276,1370142.63843389 5692876.40988015,1370130.91082051 5692883.00881375,1370136.60720666 5692892.74899453,1370137.85585507 5692894.67214228,1370140.50135638 5692899.11481001)))	San Secondo	1697	1563-01-01	1788-12-31	Cucina	Private	1563-01-01	1788-12-31	Service	1563-01-01	1788-12-31	Kitchen	1563-01-01	1788-12-31		Brick ; Istrian marble	43	42	42	1563-01-01	1806-07-27				44.5075106907333	120.296543357416
SS_BLDG_033	MULTIPOLYGON (((1370140.50135638 5692899.11481001,1370151.4755324 5692892.70897276,1370142.63843389 5692876.40988015,1370130.91082051 5692883.00881375,1370136.60720666 5692892.74899453,1370137.85585507 5692894.67214228,1370140.50135638 5692899.11481001)))	San Secondo	1717	1563-01-01	1788-12-31	Cucina	Private	1563-01-01	1788-12-31	Service	1563-01-01	1788-12-31	Kitchen	1563-01-01	1788-12-31		Brick ; Istrian marble	43	42	42	1563-01-01	1806-07-27				44.5075106907333	120.296543357416
SS_BLDG_034	MULTIPOLYGON (((1370129.84763499 5692917.51506844,1370123.78815393 5692906.37275108,1370119.14756943 5692908.84925888,1370103.33126699 5692917.46707478,1370110.23362922 5692928.94082744,1370114.70065209 5692926.33879343,1370116.99540521 5692925.00196318,1370128.44345237 5692918.33315286,1370129.84763499 5692917.51506844)))	San Secondo	1717	1563-01-01	1716-12-31	Legnaia	Private	1563-01-01	1716-12-31	Service	1563-01-01	1716-12-31	Woodshed	1563-01-01	1716-12-31		Brick		42	42	1534-01-01	1806-07-27				50.5547986809831	147.634113159661
SS_BLDG_034	MULTIPOLYGON (((1370129.84763499 5692917.51506844,1370123.78815393 5692906.37275108,1370119.14756943 5692908.84925888,1370103.33126699 5692917.46707478,1370110.23362922 5692928.94082744,1370114.70065209 5692926.33879343,1370116.99540521 5692925.00196318,1370128.44345237 5692918.33315286,1370129.84763499 5692917.51506844)))	San Secondo	1697	1563-01-01	1716-12-31	Legnaia	Private	1563-01-01	1716-12-31	Service	1563-01-01	1716-12-31	Woodshed	1563-01-01	1716-12-31		Brick		42	42	1534-01-01	1806-07-27				50.5547986809831	147.634113159661
SS_BLDG_035	MULTIPOLYGON (((1370065.6457473 5692867.65079106,1370071.2642008 5692881.5255545,1370100.35444686 5692867.71915643,1370094.92017178 5692855.03023927,1370065.6457473 5692867.65079106)))	San Secondo	1500	1500-01-01	1607-12-31	Chiesa	Private	1500-01-01	1607-12-31	Religious	1500-01-01	1607-12-31	Church	1500-01-01	1607-12-31		Brick ; Stone		16	18	1500-01-01	1531-12-31				65.1657669977359	226.718730191543
SS_BLDG_036	MULTIPOLYGON (((1370035.86769636 5692831.87243614,1370039.04403965 5692836.23946212,1370053.16902368 5692852.94557891,1370063.81205817 5692868.4206172,1370074.49067097 5692863.83487917,1370072.60060337 5692858.6567972,1370052.52091105 5692830.28559567,1370045.44353241 5692822.78177392,1370043.82714586 5692824.28451532,1370035.86769636 5692831.87243614)))	San Secondo	1500	1500-01-01	1562-12-31	Monastero	Private	1500-01-01	1562-12-31	Religious	1500-01-01	1562-12-31	Convent	1500-01-01	1562-12-31		Brick ; Stone		16	18	1500-01-01	1531-12-31				85.1940171636558	311.056242245962
SS_BLDG_037	MULTIPOLYGON (((1370073.7283619 5692887.8809194,1370078.2934927 5692885.62981698,1370090.97603084 5692879.61069657,1370091.9049616 5692879.16993062,1370105.04914695 5692872.93159933,1370105.21713862 5692872.85180891,1370102.71466089 5692866.71487634,1370100.35444686 5692867.71915643,1370088.7814231 5692873.21177862,1370071.2642008 5692881.5255545,1370073.7283619 5692887.8809194)))	San Secondo	1500	1500-01-01	1562-12-31	Monastero	Private	1500-01-01	1562-12-31	Religious	1500-01-01	1562-12-31	Convent	1500-01-01	1562-12-31		Brick ; Stone		16	18	1500-01-01	1531-12-31				58.3393134654195	115.248259002748
SS_BLDG_038	MULTIPOLYGON (((1370094.92017178 5692855.03023927,1370100.02093469 5692866.94018281,1370100.35444686 5692867.71915643,1370102.71466089 5692866.71487634,1370106.95771608 5692861.95596787,1370102.21440406 5692851.76546769,1370094.92017178 5692855.03023927)))	San Secondo	1500	1500-01-01	1562-12-31	Sacrestia	Private	1500-01-01	1562-12-31	Religious	1500-01-01	1562-12-31	Sacristy	1500-01-01	1562-12-31		Brick ; Istrian marble		16	18	1500-01-01	1531-12-31				29.4363663421932	52.1430136735508
SS_BLDG_039	MULTIPOLYGON (((1370102.71466089 5692866.71487634,1370105.21713862 5692872.85180891,1370112.49761924 5692885.30403782,1370115.63437918 5692890.72028196,1370122.00445474 5692903.09288153,1370137.85585507 5692894.67214228,1370136.60720666 5692892.74899453,1370130.91082051 5692883.00881375,1370117.63896901 5692857.93114305,1370106.95771608 5692861.95596787,1370102.71466089 5692866.71487634)))	San Secondo	1500	1500-01-01	1517-12-31	Dormitorio	Private	1500-01-01	1517-12-31	Religious	1500-01-01	1517-12-31	Dormitory	1500-01-01	1517-12-31		Brick ; Stone		16	18	1500-01-01	1531-12-31				83.3933846001496	366.681593736883
SS_BLDG_040	MULTIPOLYGON (((1370116.51603799 5692905.93610017,1370110.37088922 5692894.71433879,1370083.07831478 5692910.62754236,1370090.61854376 5692920.83423537,1370116.51603799 5692905.93610017)))	San Secondo	1500	1500-01-01	1562-12-31	Refettorio	Private	1500-01-01	1696-12-31	Religious	1500-01-01	1562-12-31	Refectory	1500-01-01	1562-12-31		Brick ; Stone		16	18	1500-01-01	1531-12-31				61.0253472685237	192.132874331004
SS_BLDG_041	MULTIPOLYGON (((1370045.12285584 5692884.58678424,1370036.88289033 5692890.78037978,1370033.88361023 5692893.1971636,1370036.38881621 5692896.0024334,1370047.70489844 5692887.61298815,1370045.12285584 5692884.58678424)))	San Secondo	1717	1500-01-01	1838-12-31	Pontile	Private	1500-01-01	1806-07-27	Service	1500-01-01	1838-12-31	Dock	1500-01-01	1838-12-31		Wood		18	42	1534-01-01	1806-07-27				25.2535648287201	27.1538898923165
SS_BLDG_041	MULTIPOLYGON (((1370045.12285584 5692884.58678424,1370036.88289033 5692890.78037978,1370033.88361023 5692893.1971636,1370036.38881621 5692896.0024334,1370047.70489844 5692887.61298815,1370045.12285584 5692884.58678424)))	San Secondo	1500	1500-01-01	1838-12-31	Pontile	Private	1500-01-01	1806-7-27	Service	1500-01-01	1838-12-31	Dock	1500-01-01	1838-12-31		Wood		18	42	1534-01-01	1806-07-27				25.2535648287201	27.1538898923165
SS_BLDG_041	MULTIPOLYGON (((1370045.12285584 5692884.58678424,1370036.88289033 5692890.78037978,1370033.88361023 5692893.1971636,1370036.38881621 5692896.0024334,1370047.70489844 5692887.61298815,1370045.12285584 5692884.58678424)))	San Secondo	1697	1500-01-01	1838-12-31	Pontile	Private	1500-01-01	1806-07-27	Service	1500-01-01	1838-12-31	Dock	1500-01-01	1838-12-31		Wood		18	42	1534-01-01	1806-07-27				25.2535648287201	27.1538898923165
SS_BLDG_042	MULTIPOLYGON (((1370170.82718859 5692894.70876557,1370171.83678934 5692896.80476956,1370173.46977511 5692895.95265444,1370172.35913466 5692893.96167183,1370175.15755056 5692892.59672806,1370175.79145492 5692892.29370326,1370176.82770852 5692894.54644198,1370178.37951653 5692893.75953108,1370177.24372441 5692891.59289692,1370179.51222354 5692890.50125329,1370183.814252 5692888.60421416,1370186.99213831 5692887.20272738,1370188.8656482 5692886.16854676,1370193.0591612 5692883.81319052,1370191.17418318 5692880.67808329,1370189.46797747 5692877.84012008,1370187.59803486 5692874.71053476,1370184.3924373 5692868.7386705,1370183.90942415 5692867.80347169,1370183.60102435 5692867.10231028,1370183.5308537 5692866.95708679,1370181.64416456 5692862.66720156,1370181.15932462 5692861.85392031,1370180.15872822 5692860.17478562,1370176.434174 5692853.92456055,1370175.07013675 5692851.63567276,1370174.53127147 5692850.59879723,1370174.11298368 5692849.79405006,1370173.86333872 5692849.31371801,1370173.46776443 5692848.55245491,1370173.16617899 5692847.97214016,1370172.82223769 5692847.31030124,1370172.20856521 5692846.12968003,1370171.60291577 5692844.96415388,1370171.30363811 5692844.38802906,1370167.18790288 5692836.25579927,1370165.83223103 5692833.50134398,1370161.75719468 5692825.406577,1370157.07468232 5692815.98710297,1370152.94339449 5692807.67655902,1370151.73963973 5692805.25507158,1370150.18936473 5692802.13657378,1370148.15785968 5692798.04981402,1370146.55172112 5692794.81892821,1370142.71011038 5692795.71660424,1370132.65866246 5692797.67910527,1370123.42312322 5692799.48246367,1370113.82337276 5692803.55284769,1370103.72468372 5692805.57526225,1370091.05898181 5692808.40893829,1370090.75821484 5692806.65888897,1370089.30209032 5692806.95003162,1370089.60041843 5692808.71003766,1370086.02134761 5692809.63269361,1370080.51716986 5692809.83315035,1370080.49579699 5692807.90100627,1370078.99808842 5692807.9213307,1370079.01944927 5692809.8531896,1370067.87736544 5692810.24604733,1370059.86333687 5692811.11041393,1370052.67810513 5692816.82559145,1370051.66885737 5692815.53847041,1370050.58551426 5692816.40012572,1370051.58381818 5692817.66341671,1370046.82434594 5692821.49859567,1370045.44353241 5692822.78177392,1370046.05885628 5692823.43425944,1370047.22937422 5692822.30317997,1370060.19513671 5692811.85474532,1370067.93249336 5692811.02023711,1370086.03473475 5692810.3818974,1370114.35484919 5692804.34063172,1370123.43825707 5692800.48913113,1370143.26271909 5692796.48851448,1370146.26785718 5692795.90108724,1370150.9737593 5692805.60296978,1370153.70288065 5692811.11184785,1370161.09263388 5692825.88170029,1370166.36637593 5692836.43430818,1370166.65401944 5692837.04262368,1370168.92948164 5692841.85564611,1370170.90090187 5692845.33155546,1370171.25153096 5692846.67288698,1370171.97248537 5692848.01148152,1370172.8672711 5692849.67256275,1370173.63244712 5692851.09303323,1370174.25634539 5692852.06154532,1370174.40324101 5692852.28972904,1370176.5577902 5692855.95733179,1370180.28004901 5692862.29378496,1370180.62712136 5692863.17746694,1370182.69953792 5692867.3341201,1370184.08087909 5692870.01310298,1370185.50073134 5692872.7666278,1370190.26201183 5692881.05188954,1370191.45465026 5692883.40671722,1370188.34190626 5692885.20189124,1370171.97441796 5692893.21523992,1370171.37404649 5692893.62415081,1370166.28398643 5692883.91920797,1370163.16359872 5692877.86567496,1370160.65750188 5692872.99731562,1370168.94782491 5692869.03810882,1370170.03266023 5692868.4937606,1370173.64356855 5692866.6818618,1370173.10579929 5692865.88319452,1370169.59917097 5692867.6377894,1370159.65394529 5692872.7126937,1370162.39525564 5692878.1745408,1370165.51562617 5692884.39062606,1370169.71577459 5692892.54983578,1370170.39075103 5692893.86076995,1370156.41662066 5692901.24780694,1370149.64123598 5692905.20110876,1370146.31826082 5692907.13994499,1370145.64921477 5692907.53026725,1370139.80499388 5692910.93442634,1370134.65389405 5692913.93483913,1370129.52531753 5692916.92217767,1370121.07073552 5692921.95174264,1370109.99342777 5692928.54137503,1370098.6774202 5692935.16386018,1370092.99547167 5692938.37402945,1370088.38885189 5692933.22703694,1370081.76550103 5692925.70553832,1370077.17400469 5692920.62491417,1370073.84003243 5692916.88958418,1370070.23196713 5692912.81690906,1370065.17185734 5692907.00217142,1370061.9439361 5692903.31831064,1370056.39355705 5692896.91476551,1370052.34175252 5692891.87797877,1370048.35722565 5692887.04767264,1370045.83196202 5692884.09368509,1370042.86342055 5692880.3224046,1370033.69744837 5692869.60924891,1370019.65219048 5692853.22202048,1370018.97627021 5692853.8264445,1370032.94292584 5692870.25491799,1370037.5366196 5692875.69554309,1370042.03619539 5692880.96922234,1370045.12285584 5692884.58678424,1370047.70489844 5692887.61298815,1370052.34925811 5692893.05623628,1370055.57203413 5692896.83344027,1370058.79556009 5692900.58375985,1370059.80480823 5692901.79433024,1370061.06507786 5692903.22407121,1370061.36261805 5692903.56030484,1370063.23251345 5692905.67348213,1370068.17411153 5692911.25786027,1370073.54015225 5692917.32178222,1370075.41706703 5692919.44281199,1370076.6273901 5692920.80019796,1370080.49223712 5692925.13508706,1370081.25933089 5692925.99556569,1370086.89757517 5692932.31906561,1370087.86403599 5692933.49983763,1370088.53330963 5692934.15881201,1370092.89514662 5692939.0409535,1370098.72257007 5692935.64636494,1370110.23362922 5692928.94082744,1370114.70065209 5692926.33879343,1370116.99540521 5692925.00196318,1370128.44345237 5692918.33315286,1370129.84763499 5692917.51506844,1370132.82133443 5692915.78293391,1370137.0860289 5692913.29852699,1370140.29804315 5692911.42755694,1370142.70485982 5692910.02552659,1370146.00126876 5692908.10535837,1370148.13361549 5692906.86322441,1370149.97452303 5692905.79068784,1370153.62493055 5692903.66433851,1370156.84691797 5692901.99135636,1370163.09919855 5692898.77558339,1370166.72336112 5692896.86314587,1370170.82718859 5692894.70876557)))	San Secondo	1850	1839-01-01	1851-12-31	Muro di cinta	Public	1839-01-01	1851-12-31	Military	1839-01-01	1851-12-31	Walls	1839-01-01	1851-12-31		Brick		42	Austrian Empire	1814-04-20	1866-10-20				676.305291918979	194.916398953032
SS_BLDG_043	MULTIPOLYGON (((1370029.99649351 5692843.97019106,1370030.35832014 5692844.39861217,1370030.76036603 5692844.02061879,1370028.30376241 5692841.01869904,1370036.26647597 5692832.42074225,1370035.86769636 5692831.87243614,1370035.8235035 5692831.82091003,1370031.99216677 5692836.13088699,1370027.69560812 5692840.96394727,1370029.99649351 5692843.97019106)),((1370148.15785968 5692798.04981402,1370146.55172112 5692794.81892821,1370142.71011038 5692795.71660424,1370132.65866246 5692797.67910527,1370123.42312322 5692799.48246367,1370113.82337276 5692803.55284769,1370103.72468372 5692805.57526225,1370091.05898181 5692808.40893829,1370089.60041843 5692808.71003766,1370086.02134761 5692809.63269361,1370080.51716986 5692809.83315035,1370079.01944927 5692809.8531896,1370067.87736544 5692810.24604733,1370059.86333687 5692811.11041393,1370052.67810513 5692816.82559145,1370051.58381818 5692817.66341671,1370046.82434594 5692821.49859567,1370045.44353241 5692822.78177392,1370046.82434594 5692821.49859567,1370047.39657616 5692822.17167709,1370060.19513671 5692811.85474532,1370067.93249336 5692811.02023711,1370086.03473475 5692810.3818974,1370114.35484919 5692804.34063172,1370123.43825707 5692800.48913113,1370143.26271909 5692796.48851448,1370146.26785718 5692795.90108724,1370150.9737593 5692805.60296978,1370153.70288065 5692811.11184785,1370161.09263388 5692825.88170029,1370166.36637593 5692836.43430818,1370166.65401944 5692837.04262368,1370168.92948164 5692841.85564611,1370170.90090187 5692845.33155546,1370171.25153096 5692846.67288698,1370171.97248537 5692848.01148152,1370172.8672711 5692849.67256275,1370173.63244712 5692851.09303323,1370174.25634539 5692852.06154532,1370174.40324101 5692852.28972904,1370176.5577902 5692855.95733179,1370180.28004901 5692862.29378496,1370180.62712136 5692863.17746694,1370182.69953792 5692867.3341201,1370183.5308537 5692866.95708679,1370181.64416456 5692862.66720156,1370181.15932462 5692861.85392031,1370180.15872822 5692860.17478562,1370176.434174 5692853.92456055,1370175.07013675 5692851.63567276,1370174.53127147 5692850.59879723,1370174.11298368 5692849.79405006,1370173.86333872 5692849.31371801,1370173.46776443 5692848.55245491,1370173.16617899 5692847.97214016,1370172.82223769 5692847.31030124,1370172.20856521 5692846.12968003,1370171.60291577 5692844.96415388,1370171.30363811 5692844.38802906,1370167.18790288 5692836.25579927,1370165.83223103 5692833.50134398,1370161.75719468 5692825.406577,1370157.07468232 5692815.98710297,1370152.94339449 5692807.67655902,1370151.73963973 5692805.25507158,1370150.18936473 5692802.13657378,1370148.15785968 5692798.04981402)),((1370170.82718859 5692894.70876557,1370175.03372911 5692892.50057303,1370179.51222354 5692890.50125329,1370183.814252 5692888.60421416,1370186.99213831 5692887.20272738,1370188.8656482 5692886.16854676,1370188.34190626 5692885.20189124,1370171.97441796 5692893.21523992,1370170.39075103 5692893.86076995,1370156.41662066 5692901.24780694,1370149.64123598 5692905.20110876,1370146.31826082 5692907.13994499,1370145.64921477 5692907.53026725,1370139.80499388 5692910.93442634,1370134.65389405 5692913.93483913,1370129.52531753 5692916.92217767,1370121.07073552 5692921.95174264,1370109.99342777 5692928.54137503,1370098.6774202 5692935.16386018,1370092.99547167 5692938.37402945,1370088.38885189 5692933.22703694,1370081.76550103 5692925.70553832,1370077.17400469 5692920.62491417,1370073.84003243 5692916.88958418,1370070.23196713 5692912.81690906,1370065.17185734 5692907.00217142,1370061.9439361 5692903.31831064,1370056.39355705 5692896.91476551,1370052.34175252 5692891.87797877,1370048.35722565 5692887.04767264,1370045.83196202 5692884.09368509,1370042.86342055 5692880.3224046,1370033.69744837 5692869.60924891,1370032.94292584 5692870.25491799,1370037.5366196 5692875.69554309,1370042.03619539 5692880.96922234,1370045.12285584 5692884.58678424,1370047.70489844 5692887.61298815,1370052.34925811 5692893.05623628,1370055.57203413 5692896.83344027,1370058.79556009 5692900.58375985,1370059.80480823 5692901.79433024,1370061.06507786 5692903.22407121,1370061.36261805 5692903.56030484,1370063.23251345 5692905.67348213,1370068.17411153 5692911.25786027,1370073.54015225 5692917.32178222,1370075.41706703 5692919.44281199,1370076.6273901 5692920.80019796,1370080.49223712 5692925.13508706,1370081.25933089 5692925.99556569,1370086.89757517 5692932.31906561,1370087.86403599 5692933.49983763,1370088.53330963 5692934.15881201,1370092.89514662 5692939.0409535,1370098.72257007 5692935.64636494,1370110.23362922 5692928.94082744,1370114.70065209 5692926.33879343,1370116.99540521 5692925.00196318,1370128.44345237 5692918.33315286,1370129.84763499 5692917.51506844,1370132.82133443 5692915.78293391,1370137.0860289 5692913.29852699,1370140.29804315 5692911.42755694,1370142.70485982 5692910.02552659,1370146.00126876 5692908.10535837,1370148.13361549 5692906.86322441,1370149.97452303 5692905.79068784,1370153.62493055 5692903.66433851,1370156.84691797 5692901.99135636,1370163.09919855 5692898.77558339,1370166.72336112 5692896.86314587,1370170.82718859 5692894.70876557)))	San Secondo	1839	1770-01-01	1849-12-31	Muro di cinta	Public	1806-07-28	1849-12-31	Military	1770-01-01	1849-12-31	Walls	1770-01-01	1849-12-31		Brick		42	Austrian Empire	1814-04-20	1866-10-20				570.731151754742	153.056759018278
SS_BLDG_043	MULTIPOLYGON (((1370029.99649351 5692843.97019106,1370030.35832014 5692844.39861217,1370030.76036603 5692844.02061879,1370028.30376241 5692841.01869904,1370036.26647597 5692832.42074225,1370035.86769636 5692831.87243614,1370035.8235035 5692831.82091003,1370031.99216677 5692836.13088699,1370027.69560812 5692840.96394727,1370029.99649351 5692843.97019106)),((1370148.15785968 5692798.04981402,1370146.55172112 5692794.81892821,1370142.71011038 5692795.71660424,1370132.65866246 5692797.67910527,1370123.42312322 5692799.48246367,1370113.82337276 5692803.55284769,1370103.72468372 5692805.57526225,1370091.05898181 5692808.40893829,1370089.60041843 5692808.71003766,1370086.02134761 5692809.63269361,1370080.51716986 5692809.83315035,1370079.01944927 5692809.8531896,1370067.87736544 5692810.24604733,1370059.86333687 5692811.11041393,1370052.67810513 5692816.82559145,1370051.58381818 5692817.66341671,1370046.82434594 5692821.49859567,1370045.44353241 5692822.78177392,1370046.82434594 5692821.49859567,1370047.39657616 5692822.17167709,1370060.19513671 5692811.85474532,1370067.93249336 5692811.02023711,1370086.03473475 5692810.3818974,1370114.35484919 5692804.34063172,1370123.43825707 5692800.48913113,1370143.26271909 5692796.48851448,1370146.26785718 5692795.90108724,1370150.9737593 5692805.60296978,1370153.70288065 5692811.11184785,1370161.09263388 5692825.88170029,1370166.36637593 5692836.43430818,1370166.65401944 5692837.04262368,1370168.92948164 5692841.85564611,1370170.90090187 5692845.33155546,1370171.25153096 5692846.67288698,1370171.97248537 5692848.01148152,1370172.8672711 5692849.67256275,1370173.63244712 5692851.09303323,1370174.25634539 5692852.06154532,1370174.40324101 5692852.28972904,1370176.5577902 5692855.95733179,1370180.28004901 5692862.29378496,1370180.62712136 5692863.17746694,1370182.69953792 5692867.3341201,1370183.5308537 5692866.95708679,1370181.64416456 5692862.66720156,1370181.15932462 5692861.85392031,1370180.15872822 5692860.17478562,1370176.434174 5692853.92456055,1370175.07013675 5692851.63567276,1370174.53127147 5692850.59879723,1370174.11298368 5692849.79405006,1370173.86333872 5692849.31371801,1370173.46776443 5692848.55245491,1370173.16617899 5692847.97214016,1370172.82223769 5692847.31030124,1370172.20856521 5692846.12968003,1370171.60291577 5692844.96415388,1370171.30363811 5692844.38802906,1370167.18790288 5692836.25579927,1370165.83223103 5692833.50134398,1370161.75719468 5692825.406577,1370157.07468232 5692815.98710297,1370152.94339449 5692807.67655902,1370151.73963973 5692805.25507158,1370150.18936473 5692802.13657378,1370148.15785968 5692798.04981402)),((1370170.82718859 5692894.70876557,1370175.03372911 5692892.50057303,1370179.51222354 5692890.50125329,1370183.814252 5692888.60421416,1370186.99213831 5692887.20272738,1370188.8656482 5692886.16854676,1370188.34190626 5692885.20189124,1370171.97441796 5692893.21523992,1370170.39075103 5692893.86076995,1370156.41662066 5692901.24780694,1370149.64123598 5692905.20110876,1370146.31826082 5692907.13994499,1370145.64921477 5692907.53026725,1370139.80499388 5692910.93442634,1370134.65389405 5692913.93483913,1370129.52531753 5692916.92217767,1370121.07073552 5692921.95174264,1370109.99342777 5692928.54137503,1370098.6774202 5692935.16386018,1370092.99547167 5692938.37402945,1370088.38885189 5692933.22703694,1370081.76550103 5692925.70553832,1370077.17400469 5692920.62491417,1370073.84003243 5692916.88958418,1370070.23196713 5692912.81690906,1370065.17185734 5692907.00217142,1370061.9439361 5692903.31831064,1370056.39355705 5692896.91476551,1370052.34175252 5692891.87797877,1370048.35722565 5692887.04767264,1370045.83196202 5692884.09368509,1370042.86342055 5692880.3224046,1370033.69744837 5692869.60924891,1370032.94292584 5692870.25491799,1370037.5366196 5692875.69554309,1370042.03619539 5692880.96922234,1370045.12285584 5692884.58678424,1370047.70489844 5692887.61298815,1370052.34925811 5692893.05623628,1370055.57203413 5692896.83344027,1370058.79556009 5692900.58375985,1370059.80480823 5692901.79433024,1370061.06507786 5692903.22407121,1370061.36261805 5692903.56030484,1370063.23251345 5692905.67348213,1370068.17411153 5692911.25786027,1370073.54015225 5692917.32178222,1370075.41706703 5692919.44281199,1370076.6273901 5692920.80019796,1370080.49223712 5692925.13508706,1370081.25933089 5692925.99556569,1370086.89757517 5692932.31906561,1370087.86403599 5692933.49983763,1370088.53330963 5692934.15881201,1370092.89514662 5692939.0409535,1370098.72257007 5692935.64636494,1370110.23362922 5692928.94082744,1370114.70065209 5692926.33879343,1370116.99540521 5692925.00196318,1370128.44345237 5692918.33315286,1370129.84763499 5692917.51506844,1370132.82133443 5692915.78293391,1370137.0860289 5692913.29852699,1370140.29804315 5692911.42755694,1370142.70485982 5692910.02552659,1370146.00126876 5692908.10535837,1370148.13361549 5692906.86322441,1370149.97452303 5692905.79068784,1370153.62493055 5692903.66433851,1370156.84691797 5692901.99135636,1370163.09919855 5692898.77558339,1370166.72336112 5692896.86314587,1370170.82718859 5692894.70876557)))	San Secondo	1839	1770-01-01	1849-12-31	Muro di cinta	Public	1806-07-28	1849-12-31	Military	1770-01-01	1849-12-31	Walls	1770-01-01	1849-12-31		Brick		42	Austrian Empire	1814-04-20	1866-10-20				570.731151754742	153.056759018278
SS_BLDG_045	MULTIPOLYGON (((1370084.715093 5692846.54853802,1370083.73188368 5692844.41655386,1370082.39017458 5692845.03531122,1370083.34821588 5692847.1138867,1370084.715093 5692846.54853802)),((1370082.89407939 5692842.50531283,1370081.84682404 5692840.46316489,1370080.47121787 5692841.16860395,1370081.47976676 5692843.13527427,1370082.89407939 5692842.50531283)),((1370080.1188527 5692837.58321266,1370078.70505797 5692835.22688811,1370077.39598877 5692836.01232962,1370078.77744179 5692838.31475133,1370080.1188527 5692837.58321266)),((1370076.55818449 5692832.34693587,1370074.93493869 5692830.04297409,1370073.65531338 5692830.94452828,1370075.21692403 5692833.16100791,1370076.55818449 5692832.34693587)),((1370073.10224181 5692827.63428677,1370071.37427047 5692825.53977606,1370070.23159765 5692826.48248114,1370071.93000905 5692828.54116162,1370073.10224181 5692827.63428677)),((1370070.11756405 5692823.07872597,1370068.28486717 5692820.82712695,1370066.99865771 5692821.87404163,1370068.78723632 5692824.0714382,1370070.11756405 5692823.07872597)))	San Secondo	1789	1770-01-01	1838-12-31	Rastello	Private	1770-01-01	1838-12-31	Service	1770-01-01	1838-12-31	Fence	1770-01-01	1838-12-31		Brick		42	42	1770-01-01	1806-07-27				34.8950259242314	11.8750522047162
SS_BLDG_046	MULTIPOLYGON (((1370047.70489844 5692887.61298815,1370036.38881621 5692896.0024334,1370033.88361023 5692893.1971636,1370036.88289033 5692890.78037978,1370045.12285584 5692884.58678424,1370047.70489844 5692887.61298815)))	San Secondo	1789	1500-01-01	1838-12-31	Pontile	Private	1500-01-01	1806-07-27	Service	1500-01-01	1838-12-31	Dock	1500-01-01	1838-12-31		Wood		18	42	1534-01-01	1806-07-27				25.2535648289569	27.1538898901773
SS_BLDG_047	MULTIPOLYGON (((1370110.23362922 5692928.94082744,1370109.99342777 5692928.54137503,1370098.6774202 5692935.16386018,1370092.99547167 5692938.37402945,1370088.38885189 5692933.22703694,1370081.76550103 5692925.70553832,1370077.17400469 5692920.62491417,1370073.84003243 5692916.88958418,1370070.23196713 5692912.81690906,1370056.39355705 5692896.91476551,1370073.7283619 5692887.8809194,1370073.56673734 5692887.41180052,1370055.57203413 5692896.83344027,1370058.79556009 5692900.58375985,1370059.80480823 5692901.79433024,1370061.36261805 5692903.56030484,1370063.23251345 5692905.67348213,1370073.54015225 5692917.32178222,1370075.41706703 5692919.44281199,1370076.6273901 5692920.80019796,1370081.25933089 5692925.99556569,1370086.89757517 5692932.31906561,1370087.86403599 5692933.49983763,1370088.53330963 5692934.15881201,1370092.89514662 5692939.0409535,1370098.72257007 5692935.64636494,1370110.23362922 5692928.94082744)),((1370188.8656482 5692886.16854676,1370188.34190626 5692885.20189124,1370171.97441796 5692893.21523992,1370171.77988475 5692892.72491417,1370171.61128543 5692892.35650118,1370171.34006929 5692891.78078467,1370169.71577459 5692892.54983578,1370170.39075103 5692893.86076995,1370156.41662066 5692901.24780694,1370156.84691797 5692901.99135636,1370163.09919855 5692898.77558339,1370166.72336112 5692896.86314587,1370170.82718859 5692894.70876557,1370175.03372911 5692892.50057303,1370179.51222354 5692890.50125329,1370183.814252 5692888.60421416,1370186.99213831 5692887.20272738,1370188.8656482 5692886.16854676)),((1370182.69953792 5692867.3341201,1370183.5308537 5692866.95708679,1370181.64416456 5692862.66720156,1370181.15932462 5692861.85392031,1370180.15872822 5692860.17478562,1370176.434174 5692853.92456055,1370175.07013675 5692851.63567276,1370174.53127147 5692850.59879723,1370174.11298368 5692849.79405006,1370173.86333872 5692849.31371801,1370173.46776443 5692848.55245491,1370173.16617899 5692847.97214016,1370172.82223769 5692847.31030124,1370172.20856521 5692846.12968003,1370171.60291577 5692844.96415388,1370171.30363811 5692844.38802906,1370167.18790288 5692836.25579927,1370165.83223103 5692833.50134398,1370161.75719468 5692825.406577,1370157.07468232 5692815.98710297,1370152.94339449 5692807.67655902,1370151.73963973 5692805.25507158,1370150.18936473 5692802.13657378,1370148.15785968 5692798.04981402,1370146.55172112 5692794.81892821,1370142.71011038 5692795.71660424,1370132.65866246 5692797.67910527,1370123.42312322 5692799.48246367,1370113.82337276 5692803.55284769,1370103.72468372 5692805.57526225,1370091.05898181 5692808.40893829,1370089.60041843 5692808.71003766,1370086.02134761 5692809.63269361,1370080.51716986 5692809.83315035,1370079.01944927 5692809.8531896,1370067.87736544 5692810.24604733,1370059.86333687 5692811.11041393,1370060.51088411 5692811.82069056,1370067.93249336 5692811.02023711,1370086.03473475 5692810.3818974,1370114.35484919 5692804.34063172,1370123.43825707 5692800.48913113,1370143.26271909 5692796.48851448,1370146.26785718 5692795.90108724,1370150.9737593 5692805.60296978,1370153.70288065 5692811.11184785,1370161.09263388 5692825.88170029,1370166.36637593 5692836.43430818,1370166.65401944 5692837.04262368,1370168.92948164 5692841.85564611,1370170.90090187 5692845.33155546,1370171.25153096 5692846.67288698,1370171.97248537 5692848.01148152,1370172.8672711 5692849.67256275,1370173.63244712 5692851.09303323,1370174.25634539 5692852.06154532,1370174.40324101 5692852.28972904,1370176.5577902 5692855.95733179,1370180.28004901 5692862.29378496,1370180.62712136 5692863.17746694,1370182.69953792 5692867.3341201)))	San Secondo	1697	1500-01-01	1769-12-31	Muro di cinta	Public	1500-01-01	1769-12-31	Military	1500-01-01	1769-12-31	Walls	1500-01-01	1769-12-31		Brick		89	88	1500-01-01	1797-05-11	42	1534-01-01	1806-07-27	426.958650045241	115.005862440171
SS_BLDG_047	MULTIPOLYGON (((1370182.69953792 5692867.3341201,1370183.5308537 5692866.95708679,1370181.64416456 5692862.66720156,1370181.15932462 5692861.85392031,1370180.15872822 5692860.17478562,1370176.434174 5692853.92456055,1370175.07013675 5692851.63567276,1370174.53127147 5692850.59879723,1370174.11298368 5692849.79405006,1370173.86333872 5692849.31371801,1370173.46776443 5692848.55245491,1370173.16617899 5692847.97214016,1370172.82223769 5692847.31030124,1370172.20856521 5692846.12968003,1370171.60291577 5692844.96415388,1370171.30363811 5692844.38802906,1370167.18790288 5692836.25579927,1370165.83223103 5692833.50134398,1370161.75719468 5692825.406577,1370157.07468232 5692815.98710297,1370152.94339449 5692807.67655902,1370151.73963973 5692805.25507158,1370150.18936473 5692802.13657378,1370148.15785968 5692798.04981402,1370146.55172112 5692794.81892821,1370142.71011038 5692795.71660424,1370132.65866246 5692797.67910527,1370123.42312322 5692799.48246367,1370113.82337276 5692803.55284769,1370103.72468372 5692805.57526225,1370091.05898181 5692808.40893829,1370089.60041843 5692808.71003766,1370086.02134761 5692809.63269361,1370080.51716986 5692809.83315035,1370079.01944927 5692809.8531896,1370067.87736544 5692810.24604733,1370059.86333687 5692811.11041393,1370060.51088411 5692811.82069056,1370067.93249336 5692811.02023711,1370086.03473475 5692810.3818974,1370114.35484919 5692804.34063172,1370123.43825707 5692800.48913113,1370143.26271909 5692796.48851448,1370146.26785718 5692795.90108724,1370150.9737593 5692805.60296978,1370153.70288065 5692811.11184785,1370161.09263388 5692825.88170029,1370166.36637593 5692836.43430818,1370166.65401944 5692837.04262368,1370168.92948164 5692841.85564611,1370170.90090187 5692845.33155546,1370171.25153096 5692846.67288698,1370171.97248537 5692848.01148152,1370172.8672711 5692849.67256275,1370173.63244712 5692851.09303323,1370174.25634539 5692852.06154532,1370174.40324101 5692852.28972904,1370176.5577902 5692855.95733179,1370180.28004901 5692862.29378496,1370180.62712136 5692863.17746694,1370182.69953792 5692867.3341201)),((1370110.23362922 5692928.94082744,1370109.99342777 5692928.54137503,1370098.6774202 5692935.16386018,1370092.99547167 5692938.37402945,1370088.38885189 5692933.22703694,1370081.76550103 5692925.70553832,1370077.17400469 5692920.62491417,1370073.84003243 5692916.88958418,1370070.23196713 5692912.81690906,1370056.39355705 5692896.91476551,1370073.7283619 5692887.8809194,1370073.56673734 5692887.41180052,1370055.57203413 5692896.83344027,1370058.79556009 5692900.58375985,1370059.80480823 5692901.79433024,1370061.36261805 5692903.56030484,1370063.23251345 5692905.67348213,1370073.54015225 5692917.32178222,1370075.41706703 5692919.44281199,1370076.6273901 5692920.80019796,1370081.25933089 5692925.99556569,1370086.89757517 5692932.31906561,1370087.86403599 5692933.49983763,1370088.53330963 5692934.15881201,1370092.89514662 5692939.0409535,1370098.72257007 5692935.64636494,1370110.23362922 5692928.94082744)),((1370188.8656482 5692886.16854676,1370188.34190626 5692885.20189124,1370171.97441796 5692893.21523992,1370171.77988475 5692892.72491417,1370171.61128543 5692892.35650118,1370171.34006929 5692891.78078467,1370169.71577459 5692892.54983578,1370170.39075103 5692893.86076995,1370156.41662066 5692901.24780694,1370156.84691797 5692901.99135636,1370163.09919855 5692898.77558339,1370166.72336112 5692896.86314587,1370170.82718859 5692894.70876557,1370175.03372911 5692892.50057303,1370179.51222354 5692890.50125329,1370183.814252 5692888.60421416,1370186.99213831 5692887.20272738,1370188.8656482 5692886.16854676)))	San Secondo	1717	1697-01-01	1769-12-31	Muro di cinta	Public	1500-01-01	1769-12-31	Military	1500-01-01	1769-12-31	Walls	1500-01-01	1769-12-31		Brick		89	88	1500-01-01	1797-05-11	42	1534-01-01	1806-07-27	426.958650045241	115.005862440171
SS_BLDG_048	MULTIPOLYGON (((1370037.09031622 5692866.70569735,1370032.94292584 5692870.25491799,1370042.03619539 5692880.96922234,1370046.51539182 5692877.46727537,1370037.09031622 5692866.70569735)))	San Secondo	1717	1500-01-01	1788-12-31	Deposito	Private	1500-01-01	1788-12-31	Service	1500-01-01	1788-12-31	Storage facility	1500-01-01	1788-12-31		Brick		18	42	1534-01-01	1806-07-27				27.7107714310967	38.8536479159915
SS_BLDG_048	MULTIPOLYGON (((1370037.09031622 5692866.70569735,1370032.94292584 5692870.25491799,1370042.03619539 5692880.96922234,1370046.51539182 5692877.46727537,1370037.09031622 5692866.70569735)))	San Secondo	1697	1500-01-01	1788-12-31	Deposito	Private	1500-01-01	1788-12-31	Service	1500-01-01	1788-12-31	Storage facility	1500-01-01	1788-12-31		Brick		18	42	1500-01-01	1806-07-27				27.7107714310967	38.8536479159915
SS_BLDG_048	MULTIPOLYGON (((1370037.09031622 5692866.70569735,1370032.94292584 5692870.25491799,1370042.03619539 5692880.96922234,1370046.51539182 5692877.46727537,1370037.09031622 5692866.70569735)))	San Secondo	1500	1500-01-01	1788-12-31	Deposito	Private	1500-01-01	1788-12-31	Service	1500-01-01	1788-12-31	Storage facility	1500-01-01	1788-12-31		Brick		42	42	1534-01-01	1788-12-31				27.7107714310967	38.8536479159915
SS_BLDG_049	MULTIPOLYGON (((1370035.86769636 5692831.87243614,1370039.04403965 5692836.23946212,1370053.16902368 5692852.94557891,1370063.81205817 5692868.4206172,1370074.49067097 5692863.83487917,1370072.60060337 5692858.6567972,1370052.52091105 5692830.28559567,1370045.44353241 5692822.78177392,1370043.82714586 5692824.28451532,1370035.86769636 5692831.87243614)))	San Secondo	1697	1500-01-01	1838-12-31	Monastero	Private	1500-01-01	1806-07-27	Religious	1500-01-01	1806-07-27	Monastery	1500-01-01	1806-07-27		Brick ; Istrian marble		16	42	1534-01-01	1806-07-27				85.1940171636558	311.056242245962
SS_BLDG_049	MULTIPOLYGON (((1370035.86769636 5692831.87243614,1370039.04403965 5692836.23946212,1370053.16902368 5692852.94557891,1370063.81205817 5692868.4206172,1370074.49067097 5692863.83487917,1370072.60060337 5692858.6567972,1370052.52091105 5692830.28559567,1370045.44353241 5692822.78177392,1370043.82714586 5692824.28451532,1370035.86769636 5692831.87243614)))	San Secondo	1789	1500-01-01	1838-12-31	Professorio	Private	1500-01-01	1806-07-27	Religious	1500-01-01	1806-07-27	Professorio	1534-01-01	1806-07-27		Brick ; Istrian marble		42	42	1534-01-01	1806-07-27				85.1940171636558	311.056242245962
SS_BLDG_049	MULTIPOLYGON (((1370035.86769636 5692831.87243614,1370039.04403965 5692836.23946212,1370053.16902368 5692852.94557891,1370063.81205817 5692868.4206172,1370074.49067097 5692863.83487917,1370072.60060337 5692858.6567972,1370052.52091105 5692830.28559567,1370045.44353241 5692822.78177392,1370043.82714586 5692824.28451532,1370035.86769636 5692831.87243614)))	San Secondo	1717	1500-01-01	1838-12-31	Monastero	Private	1500-01-01	1806-07-27	Religious	1500-01-01	1806-07-27	Monastery	1500-01-01	1806-07-27		Brick ; Istrian marble		16	42	1534-01-01	1806-07-27				85.1940171636558	311.056242245962
SS_BLDG_050	MULTIPOLYGON (((1370045.83196202 5692884.09368509,1370042.86342055 5692880.3224046,1370042.03619539 5692880.96922234,1370045.12285584 5692884.58678424,1370045.83196202 5692884.09368509)),((1370092.89514662 5692939.0409535,1370098.72257007 5692935.64636494,1370110.23362922 5692928.94082744,1370114.70065209 5692926.33879343,1370116.99540521 5692925.00196318,1370129.84763499 5692917.51506844,1370132.82133443 5692915.78293391,1370137.0860289 5692913.29852699,1370146.00126876 5692908.10535837,1370148.13361549 5692906.86322441,1370149.97452303 5692905.79068784,1370153.62493055 5692903.66433851,1370156.84691797 5692901.99135636,1370163.09919855 5692898.77558339,1370166.72336112 5692896.86314587,1370170.82718859 5692894.70876557,1370175.03372911 5692892.50057303,1370179.51222354 5692890.50125329,1370183.814252 5692888.60421416,1370186.99213831 5692887.20272738,1370188.8656482 5692886.16854676,1370193.01211812 5692883.83941778,1370191.17418318 5692880.67808329,1370189.46797747 5692877.84012008,1370187.59803486 5692874.71053476,1370184.3924373 5692868.7386705,1370184.23763107 5692868.4183967,1370183.90942415 5692867.80347169,1370183.60102435 5692867.10231028,1370183.5308537 5692866.95708679,1370181.64416456 5692862.66720156,1370181.15932462 5692861.85392031,1370180.15872822 5692860.17478562,1370176.434174 5692853.92456055,1370175.07013675 5692851.63567276,1370174.53127147 5692850.59879723,1370174.11298368 5692849.79405006,1370173.86333872 5692849.31371801,1370173.46776443 5692848.55245491,1370173.16617899 5692847.97214016,1370172.82223769 5692847.31030124,1370172.20856521 5692846.12968003,1370171.60291577 5692844.96415388,1370171.30363811 5692844.38802906,1370167.18790288 5692836.25579927,1370165.83223103 5692833.50134398,1370161.75719468 5692825.406577,1370157.07468232 5692815.98710297,1370152.94339449 5692807.67655902,1370151.73963973 5692805.25507158,1370150.18936473 5692802.13657378,1370148.15785968 5692798.04981402,1370146.55172112 5692794.81892821,1370142.71011038 5692795.71660424,1370132.65866246 5692797.67910527,1370123.42312322 5692799.48246367,1370113.82337276 5692803.55284769,1370103.72468372 5692805.57526225,1370091.05898181 5692808.40893829,1370089.60041843 5692808.71003766,1370086.02134761 5692809.63269361,1370080.51716986 5692809.83315035,1370079.01944927 5692809.8531896,1370067.87736544 5692810.24604733,1370059.86333687 5692811.11041393,1370056.24425071 5692813.98902265,1370052.68279105 5692816.82182687,1370051.58381818 5692817.66341671,1370046.82434594 5692821.49859567,1370045.44353241 5692822.78177392,1370046.05885628 5692823.43425944,1370047.22937422 5692822.30317997,1370060.19513671 5692811.85474532,1370067.93249336 5692811.02023711,1370086.03473475 5692810.3818974,1370114.35484919 5692804.34063172,1370123.43825707 5692800.48913113,1370143.26271909 5692796.48851448,1370146.26785718 5692795.90108724,1370150.9737593 5692805.60296978,1370153.70288065 5692811.11184785,1370161.09263388 5692825.88170029,1370166.36637593 5692836.43430818,1370166.65401944 5692837.04262368,1370168.92948164 5692841.85564611,1370170.90090187 5692845.33155546,1370171.25153096 5692846.67288698,1370171.97248537 5692848.01148152,1370172.8672711 5692849.67256275,1370173.63244712 5692851.09303323,1370174.25634539 5692852.06154532,1370174.40324101 5692852.28972904,1370176.5577902 5692855.95733179,1370180.28004901 5692862.29378496,1370180.62712136 5692863.17746694,1370182.69953792 5692867.3341201,1370185.50073134 5692872.7666278,1370190.26201183 5692881.05188954,1370191.45465026 5692883.40671722,1370188.34190626 5692885.20189124,1370171.97441796 5692893.21523992,1370171.77988475 5692892.72491417,1370171.61128543 5692892.35650118,1370171.34006929 5692891.78078467,1370169.71577459 5692892.54983578,1370170.39075103 5692893.86076995,1370156.41662066 5692901.24780694,1370145.64921477 5692907.53026725,1370129.52531753 5692916.92217767,1370109.99342777 5692928.54137503,1370098.6774202 5692935.16386018,1370092.99547167 5692938.37402945,1370088.38885189 5692933.22703694,1370081.76550103 5692925.70553832,1370077.17400469 5692920.62491417,1370073.84003243 5692916.88958418,1370070.23196713 5692912.81690906,1370056.39355705 5692896.91476551,1370052.34175252 5692891.87797877,1370048.35722565 5692887.04767264,1370047.70489844 5692887.61298815,1370051.78286612 5692892.3924397,1370052.34925811 5692893.05623628,1370055.57203413 5692896.83344027,1370058.79556009 5692900.58375985,1370059.80480823 5692901.79433024,1370061.36261805 5692903.56030484,1370063.23251345 5692905.67348213,1370073.54015225 5692917.32178222,1370075.41706703 5692919.44281199,1370076.6273901 5692920.80019796,1370081.25933089 5692925.99556569,1370086.89757517 5692932.31906561,1370087.86403599 5692933.49983763,1370088.53330963 5692934.15881201,1370092.89514662 5692939.0409535)))	San Secondo	1500	1500-01-01	1696-12-31	Muro di cinta	Public	1500-01-01	1696-12-31	Military	1500-01-01	1696-12-31	Walls	1500-01-01	1696-12-31		Brick		89	88	1500-01-01	1696-12-31	18	1500-01-01	1531-12-31	556.276372505904	152.693380007951
