identifier	t	z	geometry
SS_BLDG_036	Buildings	2	0106000020110F0000010000000103000000010000000A000000405921DEB3E7344169FED5F767B75541CB2E460BB7E73441EB58530F69B75541D722452BC5E73441635D843C6DB75541520BE3CFCFE734416764EB1A71B75541EC9C9C7DDAE734410BA96EF56FB755418224C199D8E7344124F708AA6EB75541386D5A85C4E734411033479267B7554113578B71BDE73441809508B265B75541B1D4BFD3BBE73441C17F351266B75541405921DEB3E7344169FED5F767B75541
SS_BLDG_028	Buildings	2	0106000020110F0000010000000103000000010000000A0000003EBA6B2733E83441E8F1F8B778B75541124774FE34E83441494CF39179B75541FAEBAFC445E83441BCA7CF6A77B755419AA495F349E83441BE1CB36B79B75541FC61C7DA4DE83441182083E078B75541C8CBAAD747E83441ACC5582976B75541958534D847E8344172FA962976B75541958534D847E8344172FA962976B755415F01831C44E83441F3CBA89F76B755413EBA6B2733E83441E8F1F8B778B75541
SS_BLDG_055	Buildings	2	0106000020110F000001000000010300000001000000050000005F01831C44E83441F3CBA89F76B755419AA495F349E83441BE1CB36B79B75541FC61C7DA4DE83441182083E078B75541C8CBAAD747E83441ACC5582976B755415F01831C44E83441F3CBA89F76B75541
SS_BLDG_003	Buildings	2	0106000020110F0000010000000103000000010000002E000000BC1F73FDD2E73441A183910770B755416E04645EDFE73441D7AED04A6EB75541F8D2161AF9E73441FCCAB2E56AB75541B263B2E3FCE73441178DB2496AB75541E4BA1436FFE73441CEAD57D369B755418E72DDF4FFE73441B4BA565269B755417136282400E83441B81ADFC868B755419C33F61000E834413A94258068B75541D876E25EFFE73441DA8240C967B75541307D5983FEE73441AE5E577067B755414109CA89FCE73441CF7F3EFF66B755416DB4798CFBE734419B6353CA66B75541B5EDB70DF9E7344132C2EB7F66B75541E5C8122EF7E7344118E2616D66B75541E57CF729F3E734411C21F09966B75541052BAA58EFE7344120062F0A67B755413F5C1D21E5E73441FA50306368B75541033EFC51DDE73441CE801BE364B755413D45ADEDDBE7344158708C9764B75541C140E372DAE734416FD8FF6364B75541F9AEAAACD7E73441AD60AC4A64B75541CAE319CBD5E73441751AA04664B7554117523A47D4E734416FB4B75664B75541419DFB8BD3E734416E6E8E6664B75541390ADC3AD2E73441C2E6838664B75541D5AC9288D0E734418DEDF9D964B75541A76CD97ACFE73441CFBAC11165B755411C2532EACEE73441D29C093D65B75541C1828B44CEE73441D4FB759465B7554137F97B78CDE73441434723E665B75541F75627FCCCE73441B91DFD7C66B75541103BCDE8CCE73441B405F00D67B75541C71405A8D4E734414E59798F6AB75541BE23F1AFCCE73441FB54929C6BB755412243CA1DC9E73441761FC21E6CB75541A4153E1DC7E73441BFBA13BA6CB7554173001583C6E734419B0CFE216DB75541DB11F8B0C5E73441B65A1FC76DB7554128E1A1D0C5E7344179BE4B8B6EB75541B969D0CDC6E73441C6F6102D6FB75541938B1FA7C8E73441429045B76FB75541F1AC8AC0CAE734417D69DE1270B7554166E8F2A4CCE734415C79B94970B75541ADE7A02FCFE734410189914B70B75541F8117BE2D0E7344104C9574470B75541BC1F73FDD2E73441A183910770B75541
SS_BLDG_001	Buildings	2	0106000020110F0000010000000103000000020000000500000068DED2E135E8344117DC4AAD72B7554140E436C13AE83441BD4E8F2075B75541C0D7F4BC44E834419D1546E773B7554197BAE0AD3FE83441AD295E7071B7554168DED2E135E8344117DC4AAD72B75541050000000A8CDD6A38E83441EFDF49E572B755413C427DCF3EE83441971D431772B755413059CA0842E83441BBFC8FAE73B75541382CC5B03BE834419CB5717B74B755410A8CDD6A38E83441EFDF49E572B75541
SS_BLDG_030	Buildings	2	0106000020110F000001000000010300000001000000070000004B26530022E834410631BE067BB75541A99DCFD82CE83441F061727F79B75541B2A6E4FE28E83441F63880D577B75541DE7DBC7927E834414CCF5F2D77B75541986CE5B120E83441DB5FAF2A78B7554141E458801CE83441150C59C778B755414B26530022E834410631BE067BB75541
SS_BLDG_022	Buildings	2	0106000020110F00000100000001030000000100000025000000ADEEA341F1E73441C516F35D75B75541AE9AA0ACF1E73441F288815C75B75541AF32FE14F2E7344111086B5675B7554148F48F77F2E73441C819E24B75B7554164AC5CD1F2E73441D827373D75B755417F7B9F1FF3E734413F2CDD2A75B75541E92FFE5FF3E734411AC55F1575B7554165B98090F3E734416EF967FD74B755411D92ABAFF3E73441D096B2E374B75541B0C499BCF3E734410B3904C974B75541391ECFB6F3E734418D712EAE74B75541FB05939EF3E7344157CC009474B755412AF69274F3E734415C70477B74B75541FAD5183AF3E734413E33C16474B75541B2B7E5F0F2E73441E6FB1F5174B755418F8E429BF2E73441B1E2FC4074B755413C84B43BF2E7344160F4D13474B755412AA035D5F1E734414E4AFE2C74B7554175DED66AF1E73441C154C22974B755412936DAFFF0E7344173E2332B74B75541353F7C97F0E73441C70C483174B75541A22FE134F0E73441FE12D13B74B7554172C91DDBEFE734416FEB7B4A74B755419D5CDB8CEFE734412F3CD85C74B755410FA77C4CEFE734416DA2557274B75541F9B8F91BEFE7344145174B8A74B75541403FCFFCEEE7344181CF02A474B75541CAA6E0EFEEE73441F9D6AEBE74B75541465BA2F5EEE73441590D87D974B75541B1C0E70DEFE734415F9AB4F374B7554109CEE737EFE734410FF76D0C75B755419E8A6172EFE73441F4DEF12275B75541C2A894BBEFE734413E17933675B755414F353811F0E734416B87B84675B755410242C670F0E734417D76E35275B7554109C744D7F0E73441F1CAB45A75B75541ADEEA341F1E73441C516F35D75B75541
SS_BLDG_042	Buildings	2	0106000020110F000001000000010300000001000000B2000000BBA1C2D33AE83441436A5CAD77B7554183D337D63BE834413058813378B755418F2E43783DE83441514AF8FC77B75541B83FF05B3CE8344103088C7D77B75541DA3B55283FE83441E5CA302677B755413BCA9CCA3FE83441C508CC1277B755419BB4E4D340E83441C9E7F8A277B75541D2FE276142E8344142289C7077B7554124B9643E41E83441EB05F2E576B755410E15218343E83441AE8814A076B75541A0D172D047E83441DE71AB2676B75541C2C6FCFD4AE83441437CF9CC75B75541CA1E9BDD4CE834415C78C98A75B755414E30250F51E834413F500BF474B75541C644972C4FE8344178B7652B74B75541215FCD774DE834410587C47573B755411BD018994BE83441CA6679AD72B7554147C5766448E83441A560462F71B755416605D0E847E8344187146CF370B7554164BBDC9947E834416B408CC670B755413D07E68747E83441F1E840BD70B75541E7F7E7A445E834412B6EB3AA6FB75541857FC92845E834415CA1A6766FB755419569A22844E8344104B02F0B6FB755410807266F40E83441FEFF2B7B6DB755416A7BF4113FE83441C8DCAEE86CB755412F6801883EE834419FB152A66CB755419F7FEC1C3EE834415DB7D1726CB755411FC403DD3DE83441B4F413546CB75541E768BF773DE83441D76B5B236CB75541C7B48A2A3DE834415E8B37FE6BB755415F2B7ED23CE83441B9F9DBD36BB75541A08764353CE8344178AD4C886BB7554117B0589A3BE8344175B2B43D6BB75541143ABB4D3BE83441DA77D5186BB7554140671A3037E83441E5035F1069B75541C7170DD535E834411105166068B75541B182D7C131E83441895B055A66B7554169611E132DE83441EEB12CFF63B75541334D82F128E8344132BE4CEB61B755418F0759BD27E83441C417535061B75541F2347A3026E83441F39FBD8860B75541FF7D692824E83441272730835FB7554160983D8D22E83441DC5169B45EB7554133CBC9B51EE834410DD8DCED5EB755415B1A9EA814E83441F275766B5FB75541A7CD516C0BE8344151AFE0DE5FB755419A8EC8D201E8344144DB61E360B7554151DF84B9F7E73441C318D16461B75541846E190FEBE73441850B2C1A62B75541275E1AC2EAE73441A43C2BAA61B7554180CA554DE9E734416B51CDBC61B75541B905B599E9E73441CE41712D62B755417F097705E6E73441550D7E6862B75541853E6584E0E73441D855527562B75541358DEC7EE0E734413916AAF961B7554108B982FFDEE734410B15F7FA61B7554192A0FA04DFE7344192A89A7662B7554175059BE0D3E734414B3DBF8F62B7554122A503DDCBE734419B0511C762B75541404C98ADC4E73441817DD63464B75541843C3AABC3E73441974C76E263B755412843E495C2E73441E8A89B1964B75541B01B7595C3E734415F6B756A64B75541D55508D3BEE73441CFFDE85F65B7554113578B71BDE73441809508B265B755418D34110FBEE7344120E8CADB65B75541D344B83ABFE73441F64C679365B75541D17AF431CCE73441B725B4F662B7554173E2B7EED3E7344193904BC162B755415B60E408E6E73441C801719862B755417265D75A02E83441FAE8CC1561B755419A9D31700BE83441ACEC4D1F60B75541FB8E41431FE8344141D2431F5FB75541B549924422E83441D169ABF95EB755412A4A48F926E83441920E976661B7554186FCEFB329E83441E28328C762B755419ADAB61731E8344110C76D7866B7554122D0CA5D36E834418CB4CB1B69B7554166D16DA736E83441A758BA4269B755413082F2ED38E83441E9E7C2766AB755413981A1E63AE83441693438556BB75541495564403BE834418F9410AB6BB7554125CDF4F83BE83441FB1CBC006CB75541847A05DE3CE83441A7440B6B6CB75541DD0DE8A13DE83441AA41F4C56CB755410BDA9F413EE83441C35BF0036DB7554189CD3A673EE83441A7EB8A126DB755419E56CB8E40E8344190EC44FD6DB75541B74AB14744E83441705FCD926FB7554198068BA044E834414D9E5BCB6FB75541C4EA14B346E83441433962D570B75541FC7DB41448E83441E7ADD68071B75541C5ED2F8049E834410E6E103172B75541103513434EE834418228524374B755419FF563744FE83441AFA707DA74B755411C2B87574CE8344137C9EB4C75B755418E7473F93BE83441A67DC64D77B75541C082C15F3BE834414216F26777B75541C055B34836E83441AD4DD4FA74B75541129BE12933E83441EF37677773B75541050B52A830E83441E404D43F72B7554151A7A4F238E83441F65F704271B75541C96B5C083AE834410AC6991F71B7554193E8C0A43DE83441A99FA3AB70B755417AA9151B3DE834414B42867870B75541B744639939E83441A58AD1E870B755415BF568A72FE8344107C69C2D72B7554138792F6532E834412CAD2B8B73B755419713008435E834417504001975B75541F4003DB739E834416882302377B75541604208643AE83441DADA167777B75541C1A6A76A2CE83441A211DC4F79B75541850A28A425E8344146F7DE4C7AB75541938A795122E83441D9DBF4C87AB755415CF032A621E834410BE6EFE17AB75541201414CE1BE8344121A4CDBB7BB75541AA9965A716E834417C67D47B7CB75541AB357B8611E834417FF5043B7DB7554126B91B1209E83441F259E97C7EB75541374851FEFDE7344172E3A52280B75541F0686BADF2E734416BAF7CCA81B75541333BD7FEECE734413919F09782B755411FCC8B63E8E73441F3C5874E81B7554127E0F7C3E1E73441328A276D7FB7554132928B2CDDE734410098FE277EB75541905D0CD7D9E7344178F2EE387DB755419132623BD6E73441F13C48347CB75541B7D7FE2BD1E734419B9323C07AB75541E1CBA5F1CDE7344199335FD479B755419727C064C8E73441A3848B3A78B75541C7177D57C4E73441DFCD30F876B75541F723735BC0E7344189110DC375B755417C76FBD4BDE73441C0EFFE0575B75541242109DDBAE73441E546A21474B75541E7F98BB2B1E7344122EFFD6671B7554180F4F5A6A3E734416295354E6DB7554124D8ECF9A2E734417577E4746DB755417F9663F1B0E734418793509071B75541EAE65F89B5E7344129C783EC72B75541DD194409BAE7344126BD073E74B755410A7B731FBDE734417EDF8D2575B75541733974B4BFE73441A4323BE775B75541BDFA6859C4E734411160994377B7554130D47092C7E73441D715573578B7554165D3A9CBCAE7344149525C2579B7554173E907CECBE73441864ED67279B7554152F1A810CDE73441C52E57CE79B755414C89D45CCDE73441D908DCE379B755416200863BCFE73441CA541A6B7AB75541BC92922CD4E734415CC880D07BB75541EC6A478AD9E73441781498547DB75541A3E7C46ADBE73441150857DC7DB755412BA39CA0DCE73441857136337EB755417740037EE0E734413444A5487FB755414F826342E1E734412659B77F7FB755417A7CC7E5E6E734412C926B1481B755417F7631DDE7E73441F456FD5F81B75541D2FA8688E8E73441DAF9298A81B75541375428E5ECE7344173FB9EC282B75541175AFAB8F2E734410B0B5EE981B75541DD1FCF3BFEE734414E84363C80B7554189EF5DB302E83441A8CAAE957FB7554142E0D2FE04E83441292A20407FB755413418867110E83441626052957DB75541489BFED811E834419AE1F6607DB7554123F942D214E83441D9961BF27CB7554177FD051619E83441F7101B537CB755414E8E4C4C1CE83441CB175DDB7BB7554184B171B41EE83441453AA2817BB755414B26530022E834410631BE067BB75541F99F342224E8344198113FB77AB7554165577AF925E834412FA19A727AB75541C472FB9F29E83441AB8584EA79B75541A99DCFD82CE83441F061727F79B755419213651933E834417F28A3B178B75541AE312EB936E834412DC83D3778B75541BBA1C2D33AE83441436A5CAD77B75541
SS_BLDG_023	Buildings	2	0106000020110F000007000000010300000001000000050000007E7DFF0DFCE73441BAF9564576B755417BF45837FEE734410F089C0476B755411E6478A7FDE73441A1FABCB775B7554122ED1E7EFBE734414DEC77F875B755417E7DFF0DFCE73441BAF9564576B7554101030000000100000005000000261303A2FFE73441C5742FDA75B7554141D0BF4501E83441E4BE15A975B7554144D7F69A00E83441FE7D5C5F75B75541CA822212FFE734415867508D75B75541261303A2FFE73441C5742FDA75B75541010300000001000000050000009B0F493DF2E73441F636466B77B755419886A266F4E734414B458B2A77B755413BF6C1D6F3E73441DD37ACDD76B755413F7F68ADF1E734418929671E77B755419B0F493DF2E73441F636466B77B7554101030000000100000005000000000181E9F6E73441A18457DF76B75541FD77DA12F9E73441F6929C9E76B75541A0E7F982F8E734418885BD5176B75541A470A059F6E734413477789276B75541000181E9F6E73441A18457DF76B755410103000000010000000500000017A41C45EDE734419481170078B75541141B766EEFE73441E98F5CBF77B75541B78A95DEEEE734417B827D7277B75541BB133CB5ECE73441277438B377B7554117A41C45EDE734419481170078B7554101030000000100000005000000ED6EFBB2E8E7344164EEF88878B75541EAE554DCEAE73441B9FC3D4878B755418D55744CEAE734414BEF5EFB77B7554191DE1A23E8E73441F7E0193C78B75541ED6EFBB2E8E7344164EEF88878B7554101030000000100000007000000CE7ACA4FE2E734419BC7288778B75541894B975BE3E7344146ABED2879B75541F2F9824FE5E73441EEBC72EE78B75541B3BCB3C4E4E7344156F4F09878B755417C617AE7E3E73441938D59B178B75541EF90616AE3E73441CEECF86778B75541CE7ACA4FE2E734419BC7288778B75541
SS_BLDG_053	Buildings	2	0106000020110F0000010000000103000000010000000500000052E648390CE83441FF7CE59771B75541197993A305E834410AD9977B6EB7554109E868A1FCE734419349D7546FB755411BEE466404E834415B7AB3A772B7554152E648390CE83441FF7CE59771B75541
SS_BLDG_008	Buildings	2	0106000020110F00000100000001030000000100000005000000CE343F0EDBE73441A5F057966CB755411DB91565DCE734417FCEAA756CB75541454749CADBE73441F35597146CB75541BBF13A76DAE73441FAB001366CB75541CE343F0EDBE73441A5F057966CB75541
SS_BLDG_018	Buildings	2	0106000020110F0000010000000103000000010000000D000000EC9C9C7DDAE734410BA96EF56FB75541A26090EBEEE73441B670EFC16DB75541DCF95B05F4E7344183F42BBC70B755417307BD5AF4E73441ADA806EE70B755412004F4B6F6E73441B388C0AD70B755419FE12CF5FAE73441E0932E7D6FB75541F87978CBF2E73441AD80C31A6BB7554190E79FE8E5E7344188E920436CB75541B970103EE8E734411C2B7D9F6DB755419A7B94C6E0E734415CE816626EB7554106078BAADFE73441179568C86DB755418224C199D8E7344124F708AA6EB75541EC9C9C7DDAE734410BA96EF56FB75541
SS_BLDG_020	Buildings	2	0106000020110F000001000000010300000001000000120000004F826342E1E734412659B77F7FB755417A7CC7E5E6E734412C926B1481B75541990B0192E8E73441B185808C81B75541A97161E4ECE734410484BBC282B75541175AFAB8F2E734410B0B5EE981B755416002D43BFEE73441FE9C383C80B75541B3D48A7110E83441DFCF53957DB755410C7005D911E834411CD0F9607DB75541AD74C4C90BE834415B27DB977AB7554133F223010AE8344162C5F1C579B75541BD6644D9FCE73441637503887BB75541605FD0C9F9E7344139C3B7F07BB75541ED083B00F6E73441C21F48727CB75541E735F070F4E73441C999F8E47BB75541E055A437F0E734417938237F7CB75541AEFB19D4F1E73441951CD21F7DB7554127E0F7C3E1E73441328A276D7FB755414F826342E1E734412659B77F7FB75541
SS_BLDG_057	Buildings	2	0106000020110F0000030000000103000000010000000500000003BD09CD4CE83441B7C8248375B75541413421404CE83441237C204275B7554150F6E74047E83441DE3578E475B75541958534D847E8344172FA962976B7554103BD09CD4CE83441B7C8248375B75541010300000001000000270000003EBA6B2733E83441E8F1F8B778B755415F01831C44E83441F3CBA89F76B75541D5C3BE9143E83441BCD9295C76B75541DB532A583BE834413B9E896777B75541469E85E630E834415EF9144672B7554151A7A4F238E83441F65F704271B75541386FA6DE44E834412BBF94C36FB7554140BA91DA46E83441FBF2B6B770B75541466253DB47E83441D91E069370B7554160983D8D22E83441DC5169B45EB7554133CBC9B51EE834410DD8DCED5EB755415B1A9EA814E83441F275766B5FB75541A7CD516C0BE8344151AFE0DE5FB755419A8EC8D201E8344144DB61E360B7554151DF84B9F7E73441C318D16461B75541846E190FEBE73441850B2C1A62B75541B905B599E9E73441CE41712D62B755417F097705E6E73441550D7E6862B75541853E6584E0E73441D855527562B7554192A0FA04DFE7344192A89A7662B7554175059BE0D3E734414B3DBF8F62B7554122A503DDCBE734419B0511C762B75541094DC982CCE73441B73186F462B7554173E2B7EED3E7344193904BC162B755419A1C1812DAE73441D05270B362B755415B60E408E6E73441C801719862B755417265D75A02E83441FAE8CC1561B755413CC287E207E83441788FBD7F60B755419A9D31700BE83441ACEC4D1F60B75541FB8E41431FE8344141D2431F5FB75541A9F695F821E834414C0562FD5EB7554151EE7D6F44E834412300278E6FB75541B744639939E83441A58AD1E870B755415BF568A72FE8344107C69C2D72B75541D16F43B739E8344179BF2F2377B7554141956E733AE83441A920138377B75541B448A24C2CE834410CD9E24279B75541A99DCFD82CE83441F061727F79B755413EBA6B2733E83441E8F1F8B778B755410103000000010000000C000000B7D7FE2BD1E734419B9323C07AB75541E1CBA5F1CDE7344199335FD479B755414C89D45CCDE73441D908DCE379B75541EC6A478AD9E73441781498547DB755412BA39CA0DCE73441857136337EB755417740037EE0E734413444A5487FB755414F826342E1E734412659B77F7FB7554127E0F7C3E1E73441328A276D7FB7554132928B2CDDE734410098FE277EB75541905D0CD7D9E7344178F2EE387DB755419132623BD6E73441F13C48347CB75541B7D7FE2BD1E734419B9323C07AB75541
SS_BLDG_043	Buildings	2	0106000020110F0000030000000103000000010000000A000000CA321AFFADE73441439C17FE6AB7554166DEBA5BAEE73441A1DC82196BB755412559A7C2AEE7344179D151016BB755418F5FC34DACE73441715D32416AB75541E2C43744B4E73441E470ED1A68B75541405921DEB3E7344169FED5F767B755412D20D1D2B3E7344138CA89F467B755412AA4FEFDAFE73441D873600869B75541AC5F13B2ABE73441E84FB13D6AB75541CA321AFFADE73441439C17FE6AB755410103000000010000001D000000466253DB47E83441D91E069370B7554160983D8D22E83441DC5169B45EB7554133CBC9B51EE834410DD8DCED5EB755415B1A9EA814E83441F275766B5FB75541A7CD516C0BE8344151AFE0DE5FB755419A8EC8D201E8344144DB61E360B7554151DF84B9F7E73441C318D16461B75541846E190FEBE73441850B2C1A62B75541B905B599E9E73441CE41712D62B755417F097705E6E73441550D7E6862B75541853E6584E0E73441D855527562B7554192A0FA04DFE7344192A89A7662B7554175059BE0D3E734414B3DBF8F62B7554122A503DDCBE734419B0511C762B75541404C98ADC4E73441817DD63464B75541B01B7595C3E734415F6B756A64B75541D55508D3BEE73441CFFDE85F65B7554113578B71BDE73441809508B265B75541D55508D3BEE73441CFFDE85F65B75541D1038665BFE73441E5C1FC8A65B75541D17AF431CCE73441B725B4F662B7554173E2B7EED3E7344193904BC162B755415B60E408E6E73441C801719862B755417265D75A02E83441FAE8CC1561B755419A9D31700BE83441ACEC4D1F60B75541FB8E41431FE8344141D2431F5FB7554172C466F821E83441ED554BFD5EB7554140BA91DA46E83441FBF2B6B770B75541466253DB47E83441D91E069370B755410103000000010000003E0000003EBA6B2733E83441E8F1F8B778B755415F01831C44E83441F3CBA89F76B75541958534D847E8344172FA962976B7554103BD09CD4CE83441B7C8248375B75541413421404CE83441237C204275B75541D5C3BE9143E83441BCD9295C76B75541DB532A583BE834413B9E896777B7554141956E733AE83441A920138377B75541B448A24C2CE834410CD9E24279B75541FC8FEC8625E8344156E718417AB75541A6C84DAE23E834417B9765867AB75541008E95031AE8344194D742F17BB75541AEB47FE1ECE7344189236B8F82B755411FCC8B63E8E73441F3C5874E81B7554127E0F7C3E1E73441328A276D7FB7554132928B2CDDE734410098FE277EB75541905D0CD7D9E7344178F2EE387DB755419132623BD6E73441F13C48347CB75541B7D7FE2BD1E734419B9323C07AB75541E1CBA5F1CDE7344199335FD479B755419727C064C8E73441A3848B3A78B75541C7177D57C4E73441DFCD30F876B75541F723735BC0E7344189110DC375B755417C76FBD4BDE73441C0EFFE0575B75541242109DDBAE73441E546A21474B75541E7F98BB2B1E7344122EFFD6671B755417F9663F1B0E734418793509071B75541EAE65F89B5E7344129C783EC72B75541DD194409BAE7344126BD073E74B755410A7B731FBDE734417EDF8D2575B75541733974B4BFE73441A4323BE775B75541BDFA6859C4E734411160994377B7554130D47092C7E73441D715573578B7554165D3A9CBCAE7344149525C2579B7554173E907CECBE73441864ED67279B7554152F1A810CDE73441C52E57CE79B755414C89D45CCDE73441D908DCE379B755416200863BCFE73441CA541A6B7AB75541BC92922CD4E734415CC880D07BB75541EC6A478AD9E73441781498547DB75541A3E7C46ADBE73441150857DC7DB755412BA39CA0DCE73441857136337EB755417740037EE0E734413444A5487FB755414F826342E1E734412659B77F7FB755417A7CC7E5E6E734412C926B1481B755417F7631DDE7E73441F456FD5F81B75541D2FA8688E8E73441DAF9298A81B75541375428E5ECE7344173FB9EC282B75541175AFAB8F2E734410B0B5EE981B75541DD1FCF3BFEE734414E84363C80B7554189EF5DB302E83441A8CAAE957FB7554142E0D2FE04E83441292A20407FB755413418867110E83441626052957DB75541489BFED811E834419AE1F6607DB7554123F942D214E83441D9961BF27CB7554177FD051619E83441F7101B537CB755414E8E4C4C1CE83441CB175DDB7BB7554184B171B41EE83441453AA2817BB755414B26530022E834410631BE067BB7554147486E2624E834417A1F37B97AB75541A99DCFD82CE83441F061727F79B755413EBA6B2733E83441E8F1F8B778B75541
SS_BLDG_040	Buildings	2	0106000020110F000001000000010300000001000000050000003AB1759B04E834416B27967E7AB75541C9250994FEE73441B83D09BD77B75541A6ADE93EE4E73441B549997C7BB755411FB04483EAE73441CC333A2C7EB755413AB1759B04E834416B27967E7AB75541
SS_BLDG_054	Buildings	2	0106000020110F00000100000001030000000100000007000000A26090EBEEE73441B670EFC16DB75541DCF95B05F4E7344183F42BBC70B755417307BD5AF4E73441ADA806EE70B755412004F4B6F6E73441B388C0AD70B755419FE12CF5FAE73441E0932E7D6FB755412D2FE336F6E73441366CFDF06CB75541A26090EBEEE73441B670EFC16DB75541
SS_BLDG_015	Buildings	2	0106000020110F0000010000000103000000010000000F000000405921DEB3E7344169FED5F767B75541CB2E460BB7E73441EB58530F69B75541AA947721B8E734412A88E96569B755411B89F99FB9E7344113BA982369B75541D722452BC5E73441635D843C6DB75541520BE3CFCFE734416764EB1A71B7554178AD4EB5D1E734417E8832D971B75541F8549B2DDCE73441D6050EC76FB755418224C199D8E7344124F708AA6EB75541386D5A85C4E734411033479267B75541A39AF491C2E73441A8E1C9F466B75541AF685E8EC3E7344121CA1DC466B75541D55508D3BEE73441CFFDE85F65B75541B1D4BFD3BBE73441C17F351266B75541405921DEB3E7344169FED5F767B75541
SS_BLDG_048	Buildings	2	0106000020110F00000100000001030000000100000005000000BCF61E17B5E7344139252AAD70B755417F9663F1B0E734418793509071B75541DD194409BAE7344126BD073E74B75541CFB7F083BEE73441F6D6E75D73B75541BCF61E17B5E7344139252AAD70B75541
SS_BLDG_049	Buildings	2	0106000020110F0000010000000103000000010000000A000000405921DEB3E7344169FED5F767B75541CB2E460BB7E73441EB58530F69B75541D722452BC5E73441635D843C6DB75541520BE3CFCFE734416764EB1A71B75541EC9C9C7DDAE734410BA96EF56FB755418224C199D8E7344124F708AA6EB75541386D5A85C4E734411033479267B7554113578B71BDE73441809508B265B75541B1D4BFD3BBE73441C17F351266B75541405921DEB3E7344169FED5F767B75541
SS_BLDG_007	Buildings	2	0106000020110F00000100000001030000000100000005000000AFF25BD0C5E73441F441CF7860B755419D231FEEC7E73441106E438C61B755413C4D6F40D1E73441C30C6E9160B755411A65F723CFE7344188E453745FB75541AFF25BD0C5E73441F441CF7860B75541
SS_BLDG_002	Buildings	2	0106000020110F00000200000001030000000100000011000000466253DB47E83441D91E069370B7554160983D8D22E83441DC5169B45EB7554133CBC9B51EE834410DD8DCED5EB75541FB8E41431FE8344141D2431F5FB75541A9F695F821E834414C0562FD5EB755410E0EAB853BE834415D2E62456BB7554127D03D9939E834418098D0806BB755419033A02B3AE83441475841CF6BB755416C90D5213CE83441F80772906BB755418AF2196E3EE83441EDDB32AB6CB75541DBCE02813CE8344180E6BDEB6CB755418DECD9103DE834419F1FCD2B6DB75541434570F63EE8344145D1BAEC6CB7554151EE7D6F44E834412300278E6FB75541386FA6DE44E834412BBF94C36FB7554140BA91DA46E83441FBF2B6B770B75541466253DB47E83441D91E069370B7554101030000000100000008000000C96B5C083AE834410AC6991F71B75541B744639939E83441A58AD1E870B755415BF568A72FE8344107C69C2D72B7554156860B9035E834417B10271775B755419E79B66936E83441762958FB74B75541469E85E630E834415EF9144672B7554151A7A4F238E83441F65F704271B75541C96B5C083AE834410AC6991F71B75541
SS_BLDG_021	Buildings	2	0106000020110F0000010000000103000000010000000A00000030D47092C7E73441D715573578B7554152F1A810CDE73441C52E57CE79B755414C89D45CCDE73441D908DCE379B75541645B8225E1E734415491E1D477B75541F145FB7EE1E73441FA44060978B75541757AFEA4E2E73441D9E14CE977B755417656224BDEE73441DDEB4E6875B75541DFEC75BAD9E73441C1FB60F875B75541D1B21591D9E7344190F05ADA75B7554130D47092C7E73441D715573578B75541
SS_BLDG_056	Buildings	2	0106000020110F0000010000000103000000010000000D0000002004F4B6F6E73441B388C0AD70B755417D659637F9E734418609843672B755417BF9637F00E83441085B755375B7554175AC66A203E83441851919AE76B7554133F223010AE8344162C5F1C579B75541AD74C4C90BE834415B27DB977AB75541489BFED811E834419AE1F6607DB7554119A8AF711AE83441D7077A207CB75541949A8C8E0BE83441E2A820BE75B755411BEE466404E834415B7AB3A772B7554109E868A1FCE734419349D7546FB755419FE12CF5FAE73441E0932E7D6FB755412004F4B6F6E73441B388C0AD70B75541
SS_BLDG_019	Buildings	2	0106000020110F0000010000000103000000010000000B000000DFEC75BAD9E73441C1FB60F875B755417656224BDEE73441DDEB4E6875B755412D28DDF9EAE734410FA715E773B755414890ABE7EBE73441AF24E0CA73B75541FEE4940CF9E73441D0529F3B72B755417D659637F9E734418609843672B755412004F4B6F6E73441B388C0AD70B755417307BD5AF4E73441ADA806EE70B7554132580BC8E8E73441E8C78D4D72B75541DDA9A243D7E734415BAFA26174B75541DFEC75BAD9E73441C1FB60F875B75541
SS_BLDG_024	Buildings	2	0106000020110F00000100000001030000000100000006000000CB2E460BB7E73441EB58530F69B7554170EF7F5EB3E73441136DFAEB69B7554166DEBA5BAEE73441A1DC82196BB75541E5C2C61DBCE734417B62572C6FB75541D722452BC5E73441635D843C6DB75541CB2E460BB7E73441EB58530F69B75541
SS_BLDG_052	Buildings	2	0106000020110F000001000000010300000001000000050000006D882BE912E834418C6790C074B7554152E648390CE83441FF7CE59771B755411BEE466404E834415B7AB3A772B75541949A8C8E0BE83441E2A820BE75B755416D882BE912E834418C6790C074B75541
SS_BLDG_032	Buildings	2	0106000020110F00000100000001030000000100000025000000D1B9994FF2E73441183371A16CB755416BDB8D08F3E73441D83FF29E6CB7554198F2FBBCF3E7344119256F946CB755415DA55D67F4E73441B10638826CB75541A9C98A02F5E73441633FDB686CB75541A292D489F5E73441A06A20496CB75541754616F9F5E73441E084FC236CB755416F0FF64CF6E734411FE98EFA6BB7554120E7DA82F6E7344123BD1CCE6BB75541F0192B99F6E734417DEAFF9F6BB755410DBB378FF6E7344142A19B716BB7554149E34E65F6E73441BDD059446BB755410D13B01CF6E73441703B9D196BB75541037192B7F5E73441C6ADAEF26AB75541B4ED1239F5E7344177DBC1D06AB755418C1601A5F4E73441ACD1D9B46AB75541CEEBD6FFF3E73441E911D09F6AB7554139B7A44EF3E73441E66A4B926AB75541088BCD96F2E7344199A0B28C6AB755419A74D9DDF1E734416D93318F6AB7554142676B29F1E73441D8ACB4996AB75541F3BB097FF0E7344121C9EBAB6AB755411CE9D2E3EFE73441625046C56AB7554126D3925CEFE73441CA5F03E56AB75541C31B51EDEEE73441DB42270A6BB7554192E97099EEE73441558692336BB7554154088C63EEE73441D5B004606BB75541B82C3C4DEEE7344106D9238E6BB755417C802F57EEE73441AB2288BC6BB75541524E1881EEE7344186F4C9E96BB755412417B7C9EEE73441EA8B86146CB755415E02CB2EEFE73441BFDE723B6CB75541053854ADEFE7344156F1615D6CB75541BE126641F0E73441C7FD49796CB7554104F486E6F0E7344163D8538E6CB755413232B997F1E73441DE80D89B6CB75541D1B9994FF2E73441183371A16CB75541
SS_BLDG_041	Buildings	2	0106000020110F000001000000010300000001000000060000000A7B731FBDE734417EDF8D2575B75541BC1905E2B4E7344104BEF1B176B75541C54734E2B1E7344117549E4C77B755419E758963B4E734416DDE270078B75541733974B4BFE73441A4323BE775B755410A7B731FBDE734417EDF8D2575B75541
SS_BLDG_029	Buildings	2	0106000020110F000001000000010300000001000000060000003418867110E83441626052957DB75541340F6E7418E8344198E3EB2B81B755416EEC09DF1CE834416B481A8D80B7554123F942D214E83441D9961BF27CB755410C7005D911E834411CD0F9607DB755413418867110E83441626052957DB75541
SS_BLDG_027	Buildings	2	0106000020110F0000010000000103000000010000000800000047486E2624E834417A1F37B97AB75541A99DCFD82CE83441F061727F79B75541B2A6E4FE28E83441F63880D577B75541DE7DBC7927E834414CCF5F2D77B75541986CE5B120E83441DB5FAF2A78B75541FC8FEC8625E8344156E718417AB75541A6C84DAE23E834417B9765867AB7554147486E2624E834417A1F37B97AB75541
SS_BLDG_039	Buildings	2	0106000020110F0000010000000103000000010000000A0000002004F4B6F6E73441B388C0AD70B755417D659637F9E734418609843672B755417BF9637F00E83441085B755375B7554175AC66A203E83441851919AE76B7554133F223010AE8344162C5F1C579B75541515119DB19E834410C6104AB77B755416D882BE912E834418C6790C074B75541197993A305E834410AD9977B6EB755419FE12CF5FAE73441E0932E7D6FB755412004F4B6F6E73441B388C0AD70B75541
SS_BLDG_012	Buildings	2	0106000020110F00000100000001030000000100000006000000AA6B5BB5F9E73441085C749D63B7554105F09261FEE734411CF887B366B7554168DCAD9C08E8344127F0146F6DB75541CF598E970FE83441A8B2B2C86CB755414E48C7A000E8344115A732FE62B75541AA6B5BB5F9E73441085C749D63B75541
SS_BLDG_034	Buildings	2	0106000020110F00000100000001030000000100000009000000489BFED811E834419AE1F6607DB75541AD74C4C90BE834415B27DB977AB75541241CC72507E83441E9415A367BB75541CEE9CD54F7E734419C8DE45D7DB75541DD1FCF3BFEE734414E84363C80B7554189EF5DB302E83441A8CAAE957FB7554142E0D2FE04E83441292A20407FB755413418867110E83441626052957DB75541489BFED811E834419AE1F6607DB75541
SS_BLDG_047	Buildings	2	0106000020110F0000030000000103000000010000001700000060983D8D22E83441DC5169B45EB7554133CBC9B51EE834410DD8DCED5EB755415B1A9EA814E83441F275766B5FB75541A7CD516C0BE8344151AFE0DE5FB755419A8EC8D201E8344144DB61E360B7554151DF84B9F7E73441C318D16461B75541846E190FEBE73441850B2C1A62B75541B905B599E9E73441CE41712D62B755417F097705E6E73441550D7E6862B75541853E6584E0E73441D855527562B7554192A0FA04DFE7344192A89A7662B7554175059BE0D3E734414B3DBF8F62B7554122A503DDCBE734419B0511C762B75541094DC982CCE73441B73186F462B7554173E2B7EED3E7344193904BC162B755415B60E408E6E73441C801719862B755417265D75A02E83441FAE8CC1561B755419A9D31700BE83441ACEC4D1F60B75541FB8E41431FE8344141D2431F5FB7554172C466F821E83441ED554BFD5EB7554140BA91DA46E83441FBF2B6B770B75541466253DB47E83441D91E069370B7554160983D8D22E83441DC5169B45EB7554101030000000100000019000000DD1FCF3BFEE734414E84363C80B755412CF8E8D7FDE734410294B21280B75541AEB47FE1ECE7344189236B8F82B755411FCC8B63E8E73441F3C5874E81B7554127E0F7C3E1E73441328A276D7FB7554132928B2CDDE734410098FE277EB75541905D0CD7D9E7344178F2EE387DB755419132623BD6E73441F13C48347CB755419727C064C8E73441A3848B3A78B75541DFEC75BAD9E73441C1FB60F875B75541D1B21591D9E7344190F05ADA75B7554130D47092C7E73441D715573578B7554165D3A9CBCAE7344149525C2579B7554173E907CECBE73441864ED67279B755414C89D45CCDE73441D908DCE379B755416200863BCFE73441CA541A6B7AB75541EC6A478AD9E73441781498547DB75541A3E7C46ADBE73441150857DC7DB755412BA39CA0DCE73441857136337EB755414F826342E1E734412659B77F7FB755417A7CC7E5E6E734412C926B1481B755417F7631DDE7E73441F456FD5F81B75541D2FA8688E8E73441DAF9298A81B75541375428E5ECE7344173FB9EC282B75541DD1FCF3BFEE734414E84363C80B755410103000000010000000B000000413421404CE83441237C204275B755413F7CAF063CE8344194953A5177B75541DEC70E573BE834414960F8F176B75541F4003DB739E834416882302377B7554141956E733AE83441A920138377B75541B448A24C2CE834410CD9E24279B75541A99DCFD82CE83441F061727F79B755415F01831C44E83441F3CBA89F76B75541958534D847E8344172FA962976B7554103BD09CD4CE83441B7C8248375B75541413421404CE83441237C204275B75541
SS_BLDG_025	Buildings	2	0106000020110F0000010000000103000000010000000B0000003625BEF9DCE734413490FB6C6CB7554106078BAADFE73441179568C86DB755419A7B94C6E0E734415CE816626EB75541B970103EE8E734411C2B7D9F6DB7554190E79FE8E5E7344188E920436CB75541AC5510B7E4E73441333F1BA36BB75541892FE19FE4E73441098981A56BB7554162FF46D4E3E73441AB2F94BA6BB7554101AA526BE3E734419F0F71C56BB755413D8F8259E3E73441433640C76BB755413625BEF9DCE734413490FB6C6CB75541
SS_BLDG_051bis	Buildings	2	0106000020110F00000100000001030000000100000009000000949A8C8E0BE83441E2A820BE75B7554119A8AF711AE83441D7077A207CB75541300ACEB01BE83441C42101F27BB755414B26530022E834410631BE067BB7554147486E2624E834417A1F37B97AB755414ABAACED1AE83441DADF07D676B7554119A06FB018E834417310A02D77B755416D882BE912E834418C6790C074B75541949A8C8E0BE83441E2A820BE75B75541
SS_BLDG_005	Buildings	2	0106000020110F00000100000001030000000100000005000000F7153E2CCFE73441834465F573B755411751B9AFD0E73441DCEBE4C772B755416D33CB28C6E73441FB449A1172B75541DAE09D69C4E73441C6EE1C4D73B75541F7153E2CCFE73441834465F573B75541
SS_BLDG_017	Buildings	2	0106000020110F00000100000001030000000100000005000000EBB14FA5D1E734418B8FA6E970B75541DDA9A243D7E734415BAFA26174B755417307BD5AF4E73441ADA806EE70B75541A26090EBEEE73441B670EFC16DB75541EBB14FA5D1E734418B8FA6E970B75541
SS_BLDG_010	Buildings	2	0106000020110F00000100000001030000000100000005000000974FA4B9E6E734412567F1B274B7554132F1541DEBE734410BA36B2076B755416C6ACF87FBE734416AF4A90573B7554141E90423F7E734411916EA9F71B75541974FA4B9E6E734412567F1B274B75541
SS_BLDG_011	Buildings	2	0106000020110F00000100000001030000000100000008000000C95CED7FF6E734417051E8E361B755419FC815E3E0E734418E41816163B75541C68610FEE9E734415A540DED6AB75541383BED96EBE73441D0AFD5CF6AB7554109A0BF11EDE73441B99926006CB75541D05E0F23FEE7344154C5D3B26AB7554136218757F7E7344147E2A8C662B75541C95CED7FF6E734417051E8E361B75541
SS_BLDG_046	Buildings	2	0106000020110F00000100000001030000000100000006000000733974B4BFE73441A4323BE775B755419E758963B4E734416DDE270078B75541C54734E2B1E7344117549E4C77B75541BC1905E2B4E7344104BEF1B176B755410A7B731FBDE734417EDF8D2575B75541733974B4BFE73441A4323BE775B75541
SS_BLDG_009	Buildings	2	0106000020110F0000010000000103000000010000000500000084507FA8F3E73441D24449EB74B75541C23DCE90F4E73441BE60814E75B755419981C825F6E734417E0FF61475B75541108F3B3CF5E73441428C47B174B7554184507FA8F3E73441D24449EB74B75541
SS_BLDG_014	Buildings	2	0106000020110F0000010000000103000000010000000600000024D8ECF9A2E734417577E4746DB755417F9663F1B0E734418793509071B75541BCF61E17B5E7344139252AAD70B75541E5C2C61DBCE734417B62572C6FB75541CA321AFFADE73441439C17FE6AB7554124D8ECF9A2E734417577E4746DB75541
SS_BLDG_026	Buildings	2	0106000020110F0000010000000103000000010000000C00000013578B71BDE73441809508B265B755419809456DC2E734412D4A320467B75541386D5A85C4E734411033479267B75541C1828B44CEE73441D4FB759465B75541DC59702AD1E73441C595E3FC64B75541B0EAD488D1E73441CFF5310C65B75541637FD101D3E734414D0321BD64B75541390ADC3AD2E73441C2E6838664B7554122A503DDCBE734419B0511C762B7554197B23894C3E73441C931B36A64B75541D55508D3BEE73441CFFDE85F65B7554113578B71BDE73441809508B265B75541
SS_BLDG_004	Buildings	2	0106000020110F0000010000000103000000010000000900000045079F1FDAE73441B913A1667EB75541366BE0C8E4E73441DB89B58B7DB75541AE79D430E5E734419952A8E37DB755419BCFDA3FEEE734419DC3D92F7DB75541F7F65AD1EBE73441034D83167BB755410B700C14E3E734416AA729A87BB75541DF923FE5E3E73441D6C4664E7CB75541090F77FAD8E73441D470D0627DB7554145079F1FDAE73441B913A1667EB75541
SS_BLDG_033	Buildings	2	0106000020110F0000010000000103000000010000000600000041E458801CE83441150C59C778B75541DE7DBC7927E834414CCF5F2D77B75541506770A31EE83441F4793B1A73B755416D882BE912E834418C6790C074B75541515119DB19E834410C6104AB77B7554141E458801CE83441150C59C778B75541
SS_BLDG_051	Buildings	2	0106000020110F000001000000010300000001000000070000004B26530022E834410631BE067BB7554141E458801CE83441150C59C778B755416D882BE912E834418C6790C074B75541949A8C8E0BE83441E2A820BE75B7554119A8AF711AE83441D7077A207CB75541300ACEB01BE83441C42101F27BB755414B26530022E834410631BE067BB75541
SS_BLDG_013	Buildings	2	0106000020110F0000010000000103000000010000001D0000003CC287E207E83441788FBD7F60B7554198C7772208E834414833E29E60B7554190408FF807E83441EDF2C9A560B755418D70532308E83441566285BC60B7554145F8E64C08E83441675708B860B7554103CE46B608E834418C3692F360B7554151B1863408E834417BCB310261B75541C0DA2F4D08E83441D1CA511061B75541C2B2FFC908E83441A6FC3F0261B75541442EB51109E8344136E6C32A61B75541BD0AFC4909E834414678942461B75541EACC79F808E834415FED32FD60B75541CF8C45DA0AE83441CDF29DC960B75541433936270BE83441B2CC24EF60B75541D262DF500BE83441676A0FEA60B75541562124100BE834416A866BC360B75541F3C2DC670BE8344193204CBC60B755414362BF4C0BE83441B5B7C3AE60B75541A3E746030BE83441498B38B760B755411AF5F1970AE8344105DEA37860B75541A94810CE0AE83441246AA17060B7554130AADDA70AE834419DABC05B60B75541342D816F0AE834419E70886260B755410C8B652B0AE8344193E2BD4160B75541E76D8BFD09E834418C7C9A4660B755412B239CCD0AE83441A88435BC60B755414A9A44EE08E83441EDE832EF60B75541C13E051B08E8344189B6BE7960B755413CC287E207E83441788FBD7F60B75541
SS_BLDG_050	Buildings	2	0106000020110F000002000000010300000001000000050000007C76FBD4BDE73441C0EFFE0575B75541242109DDBAE73441E546A21474B75541DD194409BAE7344126BD073E74B755410A7B731FBDE734417EDF8D2575B755417C76FBD4BDE73441C0EFFE0575B755410103000000010000004C000000375428E5ECE7344173FB9EC282B75541DD1FCF3BFEE734414E84363C80B755414B26530022E834410631BE067BB75541A99DCFD82CE83441F061727F79B755413EBA6B2733E83441E8F1F8B778B755413EBA6B2733E83441E8F1F8B778B755415F01831C44E83441F3CBA89F76B75541958534D847E8344172FA962976B75541958534D847E8344172FA962976B75541602C1A0351E834415905B9F574B75541466253DB47E83441D91E069370B7554160983D8D22E83441DC5169B45EB7554133CBC9B51EE834410DD8DCED5EB755415B1A9EA814E83441F275766B5FB75541A7CD516C0BE8344151AFE0DE5FB755419A8EC8D201E8344144DB61E360B7554151DF84B9F7E73441C318D16461B75541846E190FEBE73441850B2C1A62B75541B905B599E9E73441CE41712D62B755417F097705E6E73441550D7E6862B75541853E6584E0E73441D855527562B7554192A0FA04DFE7344192A89A7662B7554175059BE0D3E734414B3DBF8F62B7554122A503DDCBE734419B0511C762B75541EF36873EC8E73441AD254C7F63B75541D964CBAEC4E73441B7CF983464B75541B01B7595C3E734415F6B756A64B75541D55508D3BEE73441CFFDE85F65B7554113578B71BDE73441809508B265B755418D34110FBEE7344120E8CADB65B75541D344B83ABFE73441F64C679365B75541D17AF431CCE73441B725B4F662B7554173E2B7EED3E7344193904BC162B755415B60E408E6E73441C801719862B755417265D75A02E83441FAE8CC1561B755419A9D31700BE83441ACEC4D1F60B75541FB8E41431FE8344141D2431F5FB7554172C466F821E83441ED554BFD5EB755410E0EAB853BE834415D2E62456BB755416C90D5213CE83441F80772906BB75541434570F63EE8344145D1BAEC6CB755419FF563744FE83441AFA707DA74B755419FF563744FE83441AFA707DA74B755413F7CAF063CE8344194953A5177B75541F086A6C73BE8344163FE642E77B75541B5337D9C3BE8344155EAD01677B75541DEC70E573BE834414960F8F176B75541F4003DB739E834416882302377B7554141956E733AE83441A920138377B75541B448A24C2CE834410CD9E24279B75541B448A24C2CE834410CD9E24279B75541AEB47FE1ECE7344189236B8F82B755411FCC8B63E8E73441F3C5874E81B7554127E0F7C3E1E73441328A276D7FB7554132928B2CDDE734410098FE277EB75541905D0CD7D9E7344178F2EE387DB755419132623BD6E73441F13C48347CB755419727C064C8E73441A3848B3A78B75541C7177D57C4E73441DFCD30F876B75541F723735BC0E7344189110DC375B75541733974B4BFE73441A4323BE775B75541FAE969C8C3E734416CBB1D1977B75541BDFA6859C4E734411160994377B7554130D47092C7E73441D715573578B7554165D3A9CBCAE7344149525C2579B7554173E907CECBE73441864ED67279B755414C89D45CCDE73441D908DCE379B755416200863BCFE73441CA541A6B7AB75541EC6A478AD9E73441781498547DB75541A3E7C46ADBE73441150857DC7DB755412BA39CA0DCE73441857136337EB755414F826342E1E734412659B77F7FB755417A7CC7E5E6E734412C926B1481B755417F7631DDE7E73441F456FD5F81B75541D2FA8688E8E73441DAF9298A81B75541375428E5ECE7344173FB9EC282B75541
SS_BLDG_016	Buildings	2	0106000020110F00000100000001030000000100000007000000466253DB47E83441D91E069370B75541C258ECC443E8344154488E2871B75541413421404CE83441237C204275B7554103BD09CD4CE83441B7C8248375B75541602C1A0351E834415905B9F574B75541602C1A0351E834415905B9F574B75541466253DB47E83441D91E069370B75541
SS_BLDG_045	Buildings	2	0106000020110F0000060000000103000000010000000500000048A8B3B0E3E73441BF77403D6BB75541C82335C8E2E734419362AE626BB75541FC1C63B3E3E734411CA5FBBD6BB75541AC5510B7E4E73441333F1BA36BB7554148A8B3B0E3E73441BF77403D6BB755410103000000010000000500000017BA4F87D4E73441D241365565B755419735D19ED3E73441A62CA47A65B75541FBE22DA5D4E734411AF47EE065B755417B67AC8DD5E73441460911BB65B7554117BA4F87D4E73441D241365565B755410103000000010000000500000036FC4DA4DAE73441E575DFB667B75541B677CFBBD9E73441B9604DDC67B755411A252CC2DAE734412D28284268B755419AA9AAAADBE73441593DBA1C68B7554136FC4DA4DAE73441E575DFB667B755410103000000010000000500000015C6267AD7E7344164BB447B66B755419541A891D6E7344138A6B2A066B75541F9EE0498D7E73441AC6D8D0667B7554179738380D8E73441D8821FE166B7554115C6267AD7E7344164BB447B66B75541010300000001000000050000001B36FB0AE1E73441BFF23C356AB755419BB17C22E0E7344193DDAA5A6AB75541FF5ED928E1E7344107A585C06AB755417FE35711E2E7344133BA179B6AB755411B36FB0AE1E73441BFF23C356AB75541010300000001000000050000008D36FBF4DDE73441D00C7C0169B755410DB27C0CDDE73441A4F7E92669B75541715FD912DEE7344118BFC48C69B75541F1E357FBDEE7344144D4566769B755418D36FBF4DDE73441D00C7C0169B75541
SS_BLDG_035	Buildings	2	0106000020110F00000100000001030000000100000005000000EBB14FA5D1E734418B8FA6E970B75541DDA9A243D7E734415BAFA26174B755417307BD5AF4E73441ADA806EE70B75541A26090EBEEE73441B670EFC16DB75541EBB14FA5D1E734418B8FA6E970B75541
SS_BLDG_006	Buildings	2	0106000020110F0000010000000103000000010000000500000060C89362B9E734411C463DE16DB75541D82ADF3CBEE73441BE5793496EB755416C49A5B6C1E73441AC40F53C6CB7554140406614BDE73441C276F5AD6BB7554160C89362B9E734411C463DE16DB75541
SS_BLDG_037	Buildings	2	0106000020110F0000010000000103000000010000000B000000DFEC75BAD9E73441C1FB60F875B755417656224BDEE73441DDEB4E6875B755412D28DDF9EAE734410FA715E773B755414890ABE7EBE73441AF24E0CA73B75541FEE4940CF9E73441D0529F3B72B755417D659637F9E734418609843672B755412004F4B6F6E73441B388C0AD70B755417307BD5AF4E73441ADA806EE70B7554132580BC8E8E73441E8C78D4D72B75541DDA9A243D7E734415BAFA26174B75541DFEC75BAD9E73441C1FB60F875B75541
